crop_type,area_hectares,days_since_sowing,ndvi_trend,avg_temp,cum_rainfall,yield_kg
PULSES,1.56,45,0.678,17.0,605.5,1396.27
SUGARCANE,4.51,25,0.697,27.0,470.9,354771.71
PULSES,5.68,38,0.706,32.4,619.1,4617.05
COTTON,3.73,49,0.803,17.0,334.9,5460.94
MAIZE,6.24,15,0.529,34.5,333.9,25591.69
PULSES,6.38,56,0.791,15.9,220.9,5564.86
RICE,8.63,120,0.706,27.7,323.6,37479.05
WHEAT,6.87,28,0.441,29.6,172.6,17375.2
PULSES,7.04,38,0.602,30.5,221.8,4831.63
MAIZE,4.31,18,0.839,32.5,286.0,24554.94
COTTON,8.9,127,0.678,29.9,454.2,15047.74
COTTON,9.03,112,0.849,17.8,420.1,13752.54
RICE,1.95,30,0.501,16.3,336.2,5894.62
SUGARCANE,2.89,293,0.403,29.4,561.3,162438.33
MAIZE,7.8,53,0.737,24.1,765.4,53414.89
MAIZE,9.73,107,0.833,32.4,273.8,55343.76
SUGARCANE,2.39,201,0.529,30.6,447.8,127155.65
MAIZE,5.14,24,0.355,31.6,280.6,11790.66
SUGARCANE,9.5,53,0.596,34.6,449.5,435276.89
PULSES,5.02,80,0.756,27.1,773.3,5182.96
PULSES,7.05,49,0.784,22.5,724.7,6945.64
WHEAT,2.63,96,0.761,26.8,55.4,6615.01
RICE,2.67,14,0.417,19.8,551.7,8299.84
WHEAT,7.37,131,0.745,23.1,120.7,18448.39
MAIZE,4.52,69,0.413,28.1,534.6,20742.71
PULSES,3.72,23,0.688,24.0,366.4,3601.24
WHEAT,8.81,29,0.822,26.0,87.9,22791.67
RICE,9.71,106,0.44,24.7,210.3,30764.51
RICE,2.06,10,0.177,30.7,391.3,3270.62
PULSES,9.96,81,0.517,18.8,213.3,6854.58
PULSES,5.65,50,0.767,25.1,689.5,5401.88
SUGARCANE,1.26,105,0.664,32.2,352.8,86108.71
SUGARCANE,2.84,314,0.666,28.1,473.9,214664.38
MAIZE,2.44,101,0.703,17.6,534.1,14431.6
RICE,0.59,89,0.389,16.5,209.9,829.65
MAIZE,8.87,41,0.682,31.7,577.7,59195.78
PULSES,5.52,80,0.783,33.8,150.7,4466.44
RICE,7.55,29,0.771,29.4,202.7,33665.94
MAIZE,5.3,42,0.345,16.8,367.7,11192.34
RICE,3.67,26,0.463,29.8,463.8,11659.08
RICE,1.56,98,0.258,31.7,486.9,2408.16
WHEAT,0.9,103,0.591,32.2,724.2,1901.62
WHEAT,6.84,100,0.612,23.1,515.5,16905.51
WHEAT,8.71,55,0.406,29.7,299.1,23258.22
PULSES,8.71,41,0.807,17.2,704.1,8038.9
WHEAT,2.4,127,0.814,32.4,217.2,7295.72
COTTON,3.62,27,0.181,27.8,349.8,2276.51
SUGARCANE,3.65,24,0.844,18.6,771.9,274458.43
RICE,6.17,54,0.475,27.1,433.6,19517.33
SUGARCANE,2.31,32,0.4,33.5,453.8,112368.76
PULSES,7.5,35,0.664,28.3,297.7,7286.83
RICE,7.34,48,0.783,21.5,572.9,32471.73
WHEAT,4.49,107,0.617,27.3,275.7,11549.5
RICE,3.39,36,0.766,28.1,398.7,14829.73
WHEAT,5.36,53,0.468,28.3,514.4,13163.66
WHEAT,6.89,67,0.435,15.9,788.0,16051.2
RICE,4.83,90,0.794,22.7,349.7,20503.02
PULSES,0.55,23,0.453,31.1,571.9,394.6
SUGARCANE,2.87,72,0.81,28.4,790.9,223099.4
COTTON,6.32,139,0.831,23.9,169.4,10804.97
COTTON,2.96,73,0.467,30.6,413.4,3459.38
COTTON,1.24,83,0.717,32.9,110.4,1174.86
COTTON,7.09,64,0.732,25.9,361.8,11355.54
COTTON,4.2,15,0.584,22.6,54.4,3475.7
COTTON,8.61,117,0.797,31.0,723.4,14189.78
MAIZE,4.64,13,0.784,31.0,593.1,31666.76
WHEAT,9.82,16,0.272,28.3,113.0,8735.91
COTTON,2.23,76,0.692,21.5,620.9,3635.02
COTTON,2.9,30,0.8,16.0,763.9,4187.74
RICE,7.92,93,0.656,19.9,679.4,35270.83
WHEAT,1.7,39,0.694,29.0,625.2,5785.21
SUGARCANE,9.66,68,0.439,21.2,484.0,564161.08
SUGARCANE,6.93,202,0.793,16.5,568.0,486359.8
RICE,7.12,48,0.544,17.4,787.9,21085.16
MAIZE,5.56,94,0.751,21.8,687.2,37878.83
RICE,4.62,56,0.599,29.1,376.6,15129.64
PULSES,3.07,78,0.512,31.5,494.4,2171.12
WHEAT,8.39,32,0.74,30.0,477.4,30029.51
MAIZE,0.77,51,0.692,31.0,305.3,5275.28
PULSES,8.86,81,0.84,16.7,590.1,7885.24
WHEAT,7.06,135,0.653,20.9,353.3,24213.28
PULSES,6.02,70,0.719,34.9,462.8,4990.76
COTTON,3.07,74,0.794,21.3,607.2,5293.89
PULSES,2.26,37,0.466,26.8,620.2,1642.95
RICE,8.41,47,0.686,15.3,450.6,32551.98
RICE,5.76,99,0.285,30.1,126.9,6136.55
MAIZE,4.96,66,0.843,20.0,696.3,31472.68
RICE,4.31,19,0.787,18.0,658.4,19815.72
RICE,9.94,25,0.733,26.9,513.8,44941.77
COTTON,4.78,123,0.768,23.6,476.5,7540.15
PULSES,1.44,36,0.464,16.6,229.9,937.97
WHEAT,0.53,125,0.513,15.7,266.1,1194.59
COTTON,1.18,69,0.328,27.5,545.9,738.7
COTTON,1.59,67,0.618,31.5,103.6,1290.98
MAIZE,6.15,82,0.227,24.4,278.1,14616.1
MAIZE,5.25,73,0.77,32.8,600.9,29757.96
RICE,1.37,96,0.538,34.0,799.7,3790.6
MAIZE,5.97,107,0.513,28.0,737.1,27743.28
SUGARCANE,4.64,261,0.236,23.2,290.8,124782.96
WHEAT,3.63,136,0.839,31.3,462.6,12719.88
MAIZE,2.9,24,0.217,25.3,791.1,7069.73
SUGARCANE,4.89,37,0.722,30.1,519.1,386319.42
WHEAT,3.04,43,0.227,29.0,141.1,2852.72
SUGARCANE,8.09,91,0.653,23.2,218.5,644197.18
RICE,4.88,25,0.437,33.7,268.9,13546.26
COTTON,8.43,130,0.76,22.7,741.4,13920.96
WHEAT,8.71,80,0.605,21.8,640.8,21778.45
RICE,3.19,48,0.539,28.2,698.9,10153.44
COTTON,3.78,149,0.837,32.4,785.6,5162.98
COTTON,2.72,115,0.799,29.1,658.6,4436.87
PULSES,8.03,29,0.657,25.0,492.6,8243.6
COTTON,1.45,126,0.679,32.4,777.5,1947.16
MAIZE,3.72,98,0.666,21.6,555.8,24634.55
MAIZE,6.45,107,0.758,27.3,226.1,43354.99
MAIZE,9.98,105,0.846,30.2,577.9,63236.62
WHEAT,7.09,17,0.809,20.9,331.1,24072.26
SUGARCANE,4.41,359,0.441,16.6,703.1,224924.73
WHEAT,5.23,46,0.778,24.2,550.1,19143.97
COTTON,9.06,149,0.738,21.9,490.7,15156.7
COTTON,7.06,126,0.448,22.7,412.4,8249.36
SUGARCANE,3.91,161,0.186,34.6,543.7,90959.36
SUGARCANE,8.72,35,0.316,31.7,727.2,250892.49
WHEAT,6.27,100,0.688,20.0,616.7,22660.72
PULSES,8.46,90,0.775,15.8,641.5,7186.12
MAIZE,7.46,21,0.195,23.3,200.6,18416.97
MAIZE,5.54,44,0.462,31.5,411.4,27407.01
PULSES,8.77,24,0.665,30.1,219.2,8835.39
PULSES,9.81,81,0.808,15.3,452.4,8701.19
PULSES,7.62,43,0.814,33.8,131.3,4369.09
RICE,6.39,81,0.772,28.0,526.6,28015.53
PULSES,3.37,62,0.659,15.7,796.9,2887.4
WHEAT,8.93,44,0.724,34.0,572.4,26825.95
SUGARCANE,7.55,89,0.557,31.7,511.7,441363.16
MAIZE,0.81,57,0.739,19.7,322.0,5603.1
MAIZE,5.67,92,0.73,18.8,141.6,27107.09
COTTON,1.37,64,0.543,15.4,640.1,1441.66
WHEAT,7.98,62,0.803,19.1,212.0,29128.06
MAIZE,7.86,110,0.101,32.2,158.5,15441.11
MAIZE,8.09,24,0.406,15.3,642.5,34032.9
MAIZE,0.65,43,0.798,25.5,609.2,4279.81
MAIZE,5.38,23,0.694,27.3,595.4,36959.4
PULSES,5.45,68,0.407,35.0,685.5,3310.81
RICE,5.16,66,0.666,27.2,99.3,15535.24
PULSES,6.06,51,0.769,20.9,429.2,5957.52
PULSES,1.59,80,0.452,24.0,221.4,1126.36
COTTON,4.29,34,0.713,20.1,765.2,7210.74
COTTON,1.14,31,0.669,29.8,658.8,1891.6
SUGARCANE,9.59,297,0.674,22.1,549.0,756911.74
PULSES,0.99,46,0.484,26.6,209.6,723.97
WHEAT,8.55,99,0.488,30.3,480.6,22560.45
SUGARCANE,9.76,328,0.554,15.5,746.8,508110.31
MAIZE,0.78,44,0.474,21.8,54.6,2717.73
SUGARCANE,6.74,45,0.777,15.6,609.6,453776.37
COTTON,4.81,50,0.794,30.5,475.7,7607.1
RICE,1.98,106,0.562,20.4,546.5,6326.92
COTTON,4.43,65,0.427,23.6,262.4,5410.88
COTTON,5.51,88,0.729,27.0,55.8,6237.67
WHEAT,7.79,75,0.674,24.9,373.0,26404.0
SUGARCANE,7.18,266,0.784,22.1,347.8,566241.5
COTTON,0.68,29,0.538,26.5,582.1,809.28
RICE,4.35,51,0.84,24.2,567.2,18875.59
COTTON,8.52,72,0.73,16.6,702.9,12963.2
WHEAT,3.66,53,0.777,25.6,195.4,13239.07
MAIZE,7.41,92,0.457,17.9,198.0,32338.99
PULSES,1.22,90,0.801,30.2,386.7,1259.03
SUGARCANE,6.61,329,0.844,21.3,379.8,507388.18
PULSES,3.38,45,0.72,16.5,396.3,2872.33
MAIZE,8.4,19,0.635,16.8,495.6,35868.81
SUGARCANE,5.77,31,0.812,28.0,291.1,443207.22
WHEAT,9.6,125,0.83,21.9,585.7,33807.37
WHEAT,0.87,122,0.252,27.2,322.9,1160.14
COTTON,4.38,96,0.413,27.6,301.0,5166.49
SUGARCANE,6.94,155,0.82,34.3,502.0,438342.15
RICE,6.04,28,0.19,28.1,546.6,9305.42
PULSES,9.41,49,0.779,21.6,145.8,6653.4
PULSES,9.97,77,0.784,25.2,63.7,6777.15
WHEAT,3.75,134,0.85,18.1,271.8,13580.32
SUGARCANE,7.82,279,0.717,30.3,148.3,416301.77
WHEAT,2.22,52,0.41,22.3,589.7,5950.08
SUGARCANE,3.21,239,0.698,34.3,638.3,218581.78
WHEAT,3.99,122,0.706,22.6,445.6,14699.66
WHEAT,8.11,45,0.413,24.6,328.4,21663.26
PULSES,8.54,25,0.803,20.5,729.0,8156.45
COTTON,1.37,66,0.612,33.6,361.2,1382.93
MAIZE,2.74,20,0.656,33.6,679.4,15601.91
WHEAT,1.81,83,0.237,31.6,619.1,2309.64
SUGARCANE,0.55,50,0.693,18.0,755.2,42811.11
COTTON,1.56,83,0.674,19.8,529.2,2605.61
RICE,1.55,73,0.653,25.3,231.5,6576.92
COTTON,0.51,100,0.733,28.3,114.2,617.01
RICE,9.56,79,0.848,26.1,342.8,41938.38
PULSES,4.18,57,0.653,30.8,308.6,4234.6
PULSES,1.48,84,0.48,15.9,459.5,989.11
WHEAT,8.39,128,0.239,18.6,151.1,10971.22
COTTON,0.85,61,0.69,15.8,750.0,1264.19
SUGARCANE,5.0,28,0.446,22.1,635.6,290242.35
MAIZE,3.1,57,0.73,23.8,767.4,20130.67
WHEAT,5.21,137,0.809,20.3,112.0,12740.52
COTTON,6.22,56,0.714,16.6,545.7,9057.97
SUGARCANE,7.32,95,0.484,15.8,702.5,363488.5
COTTON,3.11,24,0.778,22.3,650.8,5223.56
RICE,1.86,87,0.505,17.5,227.0,5434.56
MAIZE,4.14,82,0.681,24.0,328.2,27170.82
RICE,5.95,77,0.713,20.6,770.4,24938.84
WHEAT,5.24,109,0.134,30.5,578.0,6515.76
SUGARCANE,3.21,261,0.677,16.5,179.5,227199.48
RICE,8.2,118,0.294,29.2,462.5,12844.96
MAIZE,8.59,101,0.568,18.5,321.1,40094.99
WHEAT,8.02,70,0.406,26.1,326.7,21154.65
SUGARCANE,1.73,54,0.73,29.3,409.0,132021.7
COTTON,8.32,28,0.713,16.5,399.4,12376.65
WHEAT,8.84,56,0.431,25.1,701.2,23380.35
SUGARCANE,1.95,94,0.837,19.5,760.6,150433.75
MAIZE,8.54,42,0.841,20.5,518.8,57008.96
RICE,5.27,31,0.766,18.4,518.4,24120.16
MAIZE,8.5,82,0.823,16.6,761.4,51858.39
MAIZE,6.69,108,0.774,15.6,716.7,39919.72
PULSES,9.59,71,0.811,23.1,390.2,9673.17
WHEAT,4.68,133,0.718,17.9,696.1,14558.35
MAIZE,9.77,26,0.524,17.1,231.3,40613.2
COTTON,2.86,34,0.839,32.3,363.6,4196.74
WHEAT,8.23,90,0.682,34.9,400.1,25557.6
COTTON,0.72,110,0.843,19.3,314.7,1134.6
COTTON,6.18,130,0.652,17.1,150.5,8961.15
MAIZE,7.76,56,0.66,26.2,321.9,50133.3
COTTON,5.29,150,0.848,28.6,139.1,6400.22
COTTON,4.05,96,0.723,17.9,501.8,5954.94
RICE,0.93,27,0.593,25.4,161.7,3093.0
WHEAT,3.62,91,0.848,29.8,274.4,12533.9
SUGARCANE,5.56,298,0.813,22.4,555.4,448665.39
SUGARCANE,3.42,362,0.543,20.3,541.7,200560.83
SUGARCANE,5.99,36,0.684,27.6,514.8,476965.65
WHEAT,8.31,72,0.84,17.2,64.2,18084.92
WHEAT,4.42,62,0.805,33.4,704.6,13536.53
RICE,7.2,76,0.715,28.2,444.1,31089.97
WHEAT,4.87,97,0.785,32.4,560.6,15013.49
MAIZE,6.3,34,0.181,21.0,756.1,15849.18
MAIZE,7.2,98,0.476,22.0,750.3,35580.92
MAIZE,3.23,83,0.491,34.6,663.8,13777.5
WHEAT,3.26,83,0.123,33.5,542.0,3634.61
WHEAT,2.42,79,0.302,17.7,511.8,2812.05
WHEAT,0.98,67,0.413,23.3,588.0,2408.58
WHEAT,0.55,50,0.837,32.6,408.1,1596.14
MAIZE,3.55,92,0.804,28.0,224.2,23989.24
RICE,9.18,32,0.818,33.7,77.3,24841.25
COTTON,2.27,84,0.402,26.4,130.5,1998.9
MAIZE,4.82,92,0.749,33.8,688.3,26953.73
WHEAT,8.18,94,0.742,20.1,189.6,29474.91
MAIZE,5.89,106,0.772,27.8,354.1,38592.95
MAIZE,1.32,95,0.846,24.5,751.9,8282.35
COTTON,2.74,78,0.188,29.5,58.6,1168.49
PULSES,2.74,25,0.682,28.7,742.3,2817.8
MAIZE,7.06,91,0.186,27.3,214.3,16323.12
WHEAT,4.82,105,0.76,24.4,453.1,17244.81
WHEAT,7.74,30,0.756,22.2,737.9,26188.27
SUGARCANE,9.08,113,0.68,21.6,440.3,672329.04
WHEAT,7.31,135,0.752,31.2,390.1,25765.29
COTTON,5.86,128,0.474,15.4,240.8,6014.27
WHEAT,5.99,21,0.79,25.8,95.2,15341.2
COTTON,0.8,114,0.677,27.8,597.0,1381.22
MAIZE,9.93,58,0.833,22.5,110.2,48005.94
SUGARCANE,1.76,188,0.849,22.9,145.5,99405.37
RICE,7.68,48,0.794,23.5,334.5,32878.48
COTTON,3.79,80,0.825,30.3,74.2,4447.58
SUGARCANE,7.78,18,0.663,26.9,384.8,609365.25
RICE,2.82,15,0.697,19.3,697.8,11857.64
SUGARCANE,9.94,129,0.576,21.4,498.4,566243.82
MAIZE,2.75,28,0.251,23.3,256.4,6637.43
SUGARCANE,8.86,99,0.503,24.9,779.2,518069.75
PULSES,4.12,77,0.733,18.0,332.3,4182.57
COTTON,2.79,67,0.792,31.1,736.1,4632.22
COTTON,5.79,44,0.701,21.6,109.3,6653.87
MAIZE,1.38,102,0.412,22.5,503.7,6319.0
RICE,2.29,107,0.784,19.3,206.7,10486.13
MAIZE,9.59,11,0.688,29.8,610.2,64903.76
WHEAT,7.11,62,0.698,21.4,262.3,24942.73
PULSES,3.91,43,0.827,24.3,652.1,3956.99
MAIZE,9.19,57,0.659,32.3,605.9,49061.73
SUGARCANE,9.38,306,0.471,18.9,222.5,528945.9
WHEAT,5.24,96,0.814,34.3,531.3,15663.34
WHEAT,7.46,100,0.794,24.8,737.7,26369.85
PULSES,9.59,77,0.819,33.9,551.2,8283.31
COTTON,1.81,69,0.68,19.4,392.0,2855.23
PULSES,6.83,88,0.291,15.3,449.2,2193.3
RICE,5.53,45,0.707,25.0,573.4,24163.07
WHEAT,1.52,34,0.698,27.4,239.3,5272.52
COTTON,1.25,113,0.699,28.9,275.0,2130.16
RICE,6.71,119,0.408,23.1,332.9,21420.48
PULSES,0.59,31,0.819,27.9,298.5,611.98
RICE,9.0,15,0.83,28.8,475.1,38693.54
RICE,7.0,45,0.535,15.7,746.6,19786.0
WHEAT,6.08,111,0.187,26.3,475.0,8054.35
PULSES,9.02,52,0.798,30.8,567.0,8553.34
PULSES,9.76,16,0.696,16.5,503.9,8795.18
SUGARCANE,4.27,177,0.705,34.9,418.0,275441.83
COTTON,4.6,107,0.774,31.0,584.8,7272.77
WHEAT,4.11,49,0.476,17.1,53.9,6501.52
MAIZE,7.73,23,0.687,24.0,466.1,50548.86
RICE,1.35,80,0.77,21.5,338.9,5816.36
COTTON,7.9,72,0.684,22.6,154.1,12775.77
COTTON,1.89,52,0.734,24.7,107.7,2128.75
WHEAT,7.35,136,0.689,17.1,278.5,24329.88
MAIZE,8.5,58,0.479,21.7,661.6,42266.79
SUGARCANE,1.79,174,0.567,24.6,183.2,99219.95
MAIZE,3.27,98,0.632,30.6,294.4,15351.16
COTTON,3.97,61,0.759,28.6,462.6,6847.24
COTTON,9.46,63,0.708,28.9,664.2,16070.49
COTTON,6.89,45,0.458,28.2,586.4,8507.01
RICE,4.77,86,0.73,25.1,740.3,21390.36
SUGARCANE,0.85,194,0.595,26.9,735.8,45740.6
WHEAT,6.75,100,0.773,26.3,533.8,24108.66
MAIZE,9.67,65,0.67,19.4,610.1,64192.13
PULSES,5.96,67,0.743,28.6,567.8,5694.33
RICE,5.09,47,0.842,17.3,755.5,19434.15
MAIZE,3.76,110,0.747,24.5,378.6,25304.29
MAIZE,1.14,15,0.428,32.0,536.0,5568.93
WHEAT,9.33,72,0.76,21.6,369.8,32716.98
COTTON,6.48,57,0.504,15.6,510.6,6786.58
SUGARCANE,4.58,12,0.449,30.0,656.5,245260.64
RICE,8.1,78,0.715,24.2,246.8,36932.44
SUGARCANE,9.68,170,0.772,26.7,310.9,771113.51
SUGARCANE,2.14,354,0.471,27.3,113.6,80817.26
RICE,2.77,24,0.789,25.2,363.7,11746.63
COTTON,4.52,134,0.566,27.9,799.9,5453.78
COTTON,3.24,57,0.74,16.1,319.3,4575.44
WHEAT,2.35,108,0.247,24.9,563.5,2982.62
COTTON,5.14,31,0.809,19.4,74.5,5773.35
MAIZE,2.1,68,0.805,24.9,433.1,13960.78
MAIZE,7.86,56,0.801,30.2,381.0,50415.91
COTTON,1.47,73,0.85,24.0,311.4,2502.32
COTTON,8.72,40,0.457,31.2,490.9,10307.7
PULSES,6.3,64,0.678,19.1,205.2,5962.17
MAIZE,5.56,86,0.715,29.1,267.0,35842.24
SUGARCANE,9.86,357,0.433,30.0,358.7,527825.53
MAIZE,8.74,26,0.432,17.9,291.6,36803.65
PULSES,4.23,28,0.704,23.3,389.0,4243.66
RICE,4.33,105,0.837,22.4,762.7,18722.95
RICE,8.75,118,0.575,24.2,548.1,27603.02
RICE,8.06,60,0.736,19.2,251.4,36628.44
MAIZE,5.7,26,0.747,21.9,561.9,35921.12
RICE,6.45,117,0.675,32.2,381.0,22918.48
COTTON,2.42,43,0.472,32.5,707.4,2368.02
MAIZE,2.88,57,0.556,16.0,519.2,12722.77
WHEAT,4.58,33,0.4,24.5,149.5,7982.63
PULSES,4.73,11,0.596,34.8,366.7,2788.28
RICE,2.67,21,0.425,21.3,710.7,8233.96
WHEAT,6.59,46,0.763,27.2,173.1,22851.6
WHEAT,6.47,48,0.279,23.8,212.9,8610.04
WHEAT,7.65,108,0.736,30.8,235.8,27317.43
WHEAT,5.76,82,0.566,32.0,543.8,14453.12
SUGARCANE,6.27,106,0.471,16.1,723.4,330375.98
COTTON,4.17,71,0.769,25.6,783.3,7215.5
MAIZE,1.75,82,0.759,18.5,403.3,12112.91
RICE,0.66,18,0.693,33.5,761.5,2443.22
MAIZE,6.47,74,0.502,23.0,530.4,31172.94
WHEAT,3.14,89,0.834,34.5,166.5,9232.11
SUGARCANE,6.53,342,0.416,29.0,597.5,378349.65
RICE,2.82,65,0.772,16.1,549.6,11343.7
WHEAT,1.63,45,0.439,34.1,442.3,3647.25
PULSES,2.96,57,0.806,20.4,714.8,3009.94
RICE,3.68,64,0.663,29.2,482.5,15507.19
COTTON,5.35,24,0.763,22.4,241.3,8476.96
SUGARCANE,6.9,69,0.752,15.9,697.2,465955.22
COTTON,3.96,48,0.842,15.7,652.3,6006.46
PULSES,4.48,51,0.833,21.4,669.5,4466.93
RICE,5.27,16,0.811,34.6,765.6,18860.16
COTTON,8.73,89,0.761,15.2,200.5,13046.77
MAIZE,7.53,41,0.768,24.9,629.5,48184.31
SUGARCANE,7.72,135,0.836,15.5,456.2,542268.83
PULSES,8.83,52,0.781,32.0,595.4,8395.48
SUGARCANE,9.84,224,0.662,34.9,583.7,617817.78
WHEAT,9.02,115,0.489,34.5,113.7,13183.62
WHEAT,6.55,110,0.764,23.7,773.2,22449.1
MAIZE,8.58,60,0.576,21.4,254.0,39432.39
WHEAT,1.79,37,0.683,24.3,354.9,6323.44
WHEAT,4.79,128,0.674,18.2,564.5,17411.11
PULSES,6.23,37,0.479,16.8,236.2,3978.8
SUGARCANE,0.97,163,0.848,15.6,353.3,66899.69
PULSES,5.73,22,0.811,17.8,59.0,3691.87
WHEAT,1.74,112,0.776,27.9,486.7,5977.08
RICE,0.71,18,0.779,31.2,119.0,2262.74
MAIZE,1.66,69,0.835,23.7,593.3,10951.76
COTTON,6.99,54,0.832,20.5,384.5,11128.25
SUGARCANE,6.38,135,0.52,32.7,409.3,291167.6
COTTON,1.8,61,0.591,20.0,795.6,2169.43
RICE,9.9,110,0.515,30.6,308.0,31887.98
MAIZE,4.19,33,0.769,15.6,658.0,24343.37
COTTON,5.53,69,0.129,28.1,249.9,3422.94
PULSES,1.03,38,0.847,22.8,751.4,1069.82
WHEAT,2.17,91,0.567,33.3,71.2,3371.64
SUGARCANE,5.85,298,0.343,31.2,777.8,164490.0
WHEAT,5.16,33,0.77,15.4,408.5,16071.82
SUGARCANE,2.41,76,0.685,31.0,701.2,177396.68
WHEAT,6.07,46,0.603,32.2,770.4,13041.35
PULSES,4.26,22,0.715,34.5,599.3,3562.16
PULSES,9.63,50,0.844,28.9,746.6,9807.31
WHEAT,6.82,54,0.797,20.9,183.3,22810.4
PULSES,9.51,60,0.585,26.3,186.6,6722.73
SUGARCANE,2.6,299,0.749,21.6,108.4,137993.2
MAIZE,2.09,21,0.561,29.6,301.8,9541.83
WHEAT,2.87,27,0.807,29.4,86.1,7027.99
COTTON,9.71,115,0.726,25.9,126.1,11192.05
SUGARCANE,6.68,361,0.74,31.0,75.1,342772.31
MAIZE,9.54,19,0.828,18.2,106.3,46022.18
RICE,3.71,88,0.569,23.6,540.2,11999.41
COTTON,1.99,35,0.845,23.2,465.6,3423.24
SUGARCANE,3.02,154,0.669,22.9,462.2,232329.51
RICE,3.93,64,0.815,27.5,410.2,16595.11
WHEAT,2.12,84,0.237,17.3,638.7,2435.14
PULSES,3.02,79,0.724,22.6,189.9,2853.65
COTTON,4.92,67,0.535,18.0,572.4,5665.89
PULSES,3.77,79,0.801,19.6,95.7,2583.12
SUGARCANE,4.48,284,0.625,26.5,226.7,245833.6
COTTON,9.08,18,0.83,31.0,558.2,15162.19
RICE,9.52,67,0.847,34.4,656.3,34273.84
COTTON,1.24,121,0.815,18.0,496.3,2009.12
PULSES,9.18,18,0.761,26.0,692.5,9106.09
RICE,7.97,89,0.806,17.3,162.2,31771.38
SUGARCANE,7.7,61,0.263,17.0,264.6,194731.43
MAIZE,8.84,43,0.747,27.2,78.1,39923.57
WHEAT,6.37,112,0.828,21.6,228.2,22973.43
MAIZE,9.02,12,0.809,21.2,682.1,61664.64
PULSES,1.43,39,0.845,23.9,669.4,1383.06
COTTON,6.25,32,0.692,31.5,605.7,10580.1
MAIZE,8.3,75,0.416,29.2,352.5,40957.58
SUGARCANE,8.85,24,0.825,19.0,93.2,454741.79
RICE,9.22,100,0.724,24.3,347.7,42284.32
PULSES,0.79,57,0.739,34.2,405.9,668.2
MAIZE,2.05,43,0.565,20.7,339.9,9508.3
SUGARCANE,7.91,119,0.555,28.6,251.8,438951.53
RICE,8.71,108,0.514,17.6,179.9,25839.51
WHEAT,2.9,88,0.57,20.5,721.6,7685.02
COTTON,2.89,129,0.754,27.5,488.4,4533.58
PULSES,9.68,57,0.769,20.7,563.3,9565.7
MAIZE,9.89,91,0.705,28.1,764.1,66262.68
WHEAT,1.92,71,0.593,31.0,500.0,4994.1
PULSES,1.83,13,0.639,20.2,363.9,1302.88
RICE,6.04,83,0.482,29.3,564.7,19595.33
COTTON,9.11,101,0.819,31.8,707.4,14552.2
RICE,4.97,104,0.812,30.3,187.3,22261.0
MAIZE,6.72,38,0.799,21.1,641.1,43603.86
MAIZE,6.06,69,0.513,32.3,487.7,25823.33
RICE,4.99,34,0.823,22.6,273.8,20976.9
WHEAT,1.8,61,0.847,32.9,790.0,5193.45
PULSES,2.21,20,0.776,18.5,525.9,2079.54
MAIZE,2.49,109,0.803,24.8,622.7,15756.99
SUGARCANE,4.62,229,0.843,22.7,78.3,241532.87
MAIZE,9.53,51,0.527,15.4,53.1,29491.93
WHEAT,7.09,98,0.671,25.1,279.6,23871.9
RICE,3.33,47,0.754,25.5,375.2,14925.67
WHEAT,3.76,135,0.688,34.0,738.7,11141.24
WHEAT,2.63,43,0.654,25.1,142.4,6617.13
RICE,4.06,91,0.757,16.0,796.0,16338.01
PULSES,8.44,16,0.5,22.6,460.5,6061.24
WHEAT,2.45,12,0.782,28.2,252.5,8715.1
WHEAT,4.48,36,0.774,20.7,638.6,15766.03
SUGARCANE,2.4,144,0.634,22.2,357.3,129835.42
SUGARCANE,5.22,116,0.515,19.7,59.6,196214.01
RICE,8.43,95,0.84,30.6,106.3,26544.9
MAIZE,6.62,68,0.186,24.3,124.9,10759.82
RICE,8.6,56,0.475,29.8,121.2,19761.4
RICE,0.59,27,0.441,22.2,378.3,1911.0
PULSES,1.38,53,0.73,34.2,253.9,1148.0
COTTON,8.1,52,0.789,16.2,756.9,11618.8
COTTON,9.16,133,0.563,18.6,334.8,10836.57
RICE,8.69,117,0.614,24.7,416.1,28885.82
COTTON,0.94,76,0.403,32.4,443.6,982.16
PULSES,5.87,53,0.788,27.4,374.6,5943.01
COTTON,3.78,108,0.815,32.8,509.7,5042.55
WHEAT,5.3,130,0.609,16.5,418.7,11894.8
MAIZE,0.98,38,0.726,31.3,109.1,4502.33
SUGARCANE,4.76,265,0.674,24.9,540.0,351956.08
COTTON,0.84,150,0.668,27.1,514.3,1358.92
SUGARCANE,5.84,345,0.628,22.3,90.7,222584.82
COTTON,3.65,131,0.487,24.1,123.1,3114.72
RICE,3.74,116,0.592,26.0,330.4,11496.85
WHEAT,5.18,114,0.772,18.8,747.7,18038.31
COTTON,8.33,58,0.426,23.3,745.0,10333.33
SUGARCANE,1.67,240,0.768,25.1,772.9,122216.28
PULSES,0.96,65,0.516,25.2,740.9,668.89
SUGARCANE,2.15,75,0.782,27.1,291.4,171863.92
COTTON,9.81,73,0.843,34.4,389.6,13254.1
COTTON,6.22,141,0.79,32.2,583.9,9103.47
PULSES,2.56,36,0.47,21.9,554.3,1931.92
PULSES,9.76,32,0.789,21.4,136.6,6663.74
COTTON,6.04,116,0.615,25.7,708.1,7191.75
RICE,5.47,13,0.661,16.1,250.2,22279.7
MAIZE,6.99,28,0.566,20.9,615.2,31982.79
COTTON,1.47,67,0.535,19.8,638.2,1816.71
MAIZE,7.08,16,0.212,34.1,781.9,14172.61
SUGARCANE,1.01,138,0.824,32.2,382.3,64290.25
PULSES,7.19,57,0.531,27.1,632.1,5417.15
MAIZE,4.76,97,0.842,29.7,139.5,20981.0
MAIZE,5.79,26,0.819,15.1,399.7,35897.26
RICE,1.96,51,0.805,27.5,682.4,8452.52
SUGARCANE,5.73,47,0.476,19.4,187.9,307023.65
SUGARCANE,2.01,288,0.668,19.4,210.0,152168.06
MAIZE,3.29,106,0.514,26.2,614.1,16027.77
RICE,6.85,67,0.778,33.4,232.9,24440.21
MAIZE,4.12,24,0.758,20.7,733.5,28067.88
MAIZE,5.39,75,0.659,33.0,194.4,30279.91
RICE,2.09,108,0.651,16.3,552.8,8502.83
PULSES,4.53,23,0.816,32.6,606.0,3787.31
RICE,7.6,29,0.793,15.8,104.9,20388.82
MAIZE,5.8,83,0.619,23.2,388.3,27573.98
MAIZE,0.66,96,0.651,29.4,97.4,3124.2
RICE,7.16,19,0.751,20.8,564.4,31839.73
MAIZE,7.77,66,0.814,15.6,167.2,44860.87
PULSES,4.21,79,0.777,21.0,715.2,4361.86
PULSES,6.66,11,0.761,17.5,53.8,4193.99
SUGARCANE,5.7,53,0.8,33.1,307.9,369806.44
PULSES,8.59,28,0.694,31.7,195.7,8233.12
SUGARCANE,8.6,291,0.76,20.8,100.5,444915.07
PULSES,6.02,52,0.784,19.7,263.9,5703.41
WHEAT,3.52,125,0.782,28.9,164.3,12473.24
MAIZE,9.61,31,0.699,19.4,604.9,63020.86
MAIZE,1.78,103,0.746,23.9,631.1,11732.69
RICE,2.17,87,0.706,31.5,718.5,9258.15
PULSES,8.92,19,0.614,32.0,523.7,6623.19
SUGARCANE,4.35,312,0.657,20.2,720.5,336278.99
PULSES,7.86,56,0.828,26.8,692.9,7496.51
SUGARCANE,5.35,213,0.652,19.8,773.0,431799.94
PULSES,2.08,75,0.682,26.3,474.4,2135.84
WHEAT,7.49,133,0.112,30.2,223.8,9361.28
WHEAT,0.91,62,0.808,22.8,738.4,3325.42
RICE,9.82,51,0.844,27.7,255.1,44253.24
SUGARCANE,5.67,99,0.726,26.8,723.7,418158.81
MAIZE,4.08,38,0.721,32.4,415.1,22847.85
SUGARCANE,0.56,81,0.696,25.3,260.6,41611.84
WHEAT,3.94,40,0.5,21.6,135.0,7184.2
COTTON,2.5,51,0.499,19.9,145.9,2119.39
WHEAT,6.48,20,0.435,18.3,741.8,16616.4
COTTON,6.19,14,0.575,31.4,760.4,7217.49
SUGARCANE,9.93,256,0.816,27.0,646.0,789112.17
WHEAT,6.42,140,0.795,21.9,390.1,22803.13
WHEAT,4.09,43,0.69,32.2,428.3,12139.13
WHEAT,6.25,55,0.773,15.8,637.9,19806.59
RICE,1.39,94,0.771,31.6,722.7,6284.11
PULSES,4.6,63,0.659,25.6,222.1,4691.67
COTTON,3.83,35,0.701,30.3,732.6,6056.49
SUGARCANE,8.83,219,0.651,29.9,55.3,477009.79
SUGARCANE,0.57,345,0.811,23.2,129.9,30495.87
SUGARCANE,2.91,284,0.723,20.5,560.5,229783.16
COTTON,5.74,133,0.762,24.7,791.4,9544.54
PULSES,4.28,27,0.558,30.0,384.9,3143.02
WHEAT,1.45,140,0.718,26.0,572.8,5209.55
WHEAT,4.2,11,0.598,24.4,500.2,10309.17
MAIZE,2.61,20,0.574,33.6,350.5,10815.11
MAIZE,7.26,86,0.805,18.5,420.8,45571.52
PULSES,9.34,76,0.657,27.0,436.9,8998.49
WHEAT,6.9,102,0.65,18.1,797.6,24967.27
MAIZE,6.86,61,0.754,29.7,101.5,30394.3
MAIZE,7.4,81,0.201,34.3,257.4,15256.57
WHEAT,4.82,113,0.702,23.1,129.8,11368.63
MAIZE,3.73,24,0.63,32.5,659.9,15332.38
PULSES,4.71,58,0.804,30.1,770.9,4643.71
COTTON,9.02,17,0.702,22.7,641.5,14466.85
PULSES,2.68,50,0.721,25.7,575.6,2590.41
MAIZE,1.38,96,0.482,26.1,183.9,6500.71
WHEAT,9.0,78,0.799,33.6,192.6,27566.5
WHEAT,7.49,77,0.691,20.0,513.9,25457.84
RICE,1.64,20,0.559,27.3,623.2,5269.77
RICE,8.56,57,0.518,34.7,722.7,24141.81
COTTON,2.24,140,0.694,26.5,90.6,2664.63
COTTON,9.43,18,0.729,28.7,181.1,16300.92
PULSES,5.42,50,0.403,19.2,485.8,3834.28
SUGARCANE,8.69,105,0.697,24.4,509.8,660158.58
COTTON,4.53,117,0.489,32.1,259.7,4472.69
WHEAT,9.8,68,0.573,31.1,466.5,25981.91
WHEAT,1.89,48,0.652,23.4,150.9,6914.43
PULSES,5.41,50,0.472,26.2,475.9,3855.63
PULSES,2.05,37,0.514,27.6,387.4,1451.6
MAIZE,3.92,81,0.175,15.4,140.9,6144.78
SUGARCANE,2.39,304,0.529,34.6,263.5,111774.16
SUGARCANE,5.13,238,0.491,20.7,523.8,277077.2
WHEAT,6.59,96,0.772,23.1,730.3,22220.47
MAIZE,2.67,50,0.571,27.1,346.6,13312.87
MAIZE,7.61,76,0.22,18.7,67.3,13076.0
PULSES,2.89,20,0.729,16.9,752.6,2568.09
RICE,0.75,60,0.849,17.1,513.6,2846.54
COTTON,3.44,73,0.506,17.5,445.1,3592.82
RICE,6.8,120,0.351,24.3,703.2,11353.13
SUGARCANE,4.73,286,0.77,27.6,526.9,366540.38
SUGARCANE,6.58,283,0.719,25.8,653.5,503714.29
MAIZE,4.42,29,0.65,31.3,686.0,28716.58
COTTON,5.58,135,0.238,15.2,372.8,2950.8
WHEAT,8.07,105,0.826,23.7,237.4,29016.96
PULSES,4.2,58,0.666,27.5,437.5,4282.72
SUGARCANE,8.17,360,0.78,25.6,251.6,609462.43
RICE,2.23,47,0.741,24.1,575.4,9804.15
MAIZE,0.68,16,0.106,34.4,261.6,1335.19
COTTON,7.41,69,0.653,19.3,365.2,12575.84
COTTON,9.98,128,0.408,16.6,612.9,10396.94
MAIZE,7.87,19,0.686,32.9,237.6,43627.86
RICE,1.66,108,0.492,34.5,235.4,4738.49
WHEAT,4.88,34,0.846,24.5,561.1,16854.85
MAIZE,2.01,103,0.837,25.4,240.0,13449.76
WHEAT,3.92,23,0.452,17.3,524.7,8873.19
WHEAT,8.05,40,0.699,34.4,485.8,24545.04
PULSES,6.16,57,0.46,25.0,564.5,4363.54
PULSES,1.07,55,0.568,30.8,144.4,524.86
SUGARCANE,7.99,187,0.505,18.9,566.9,441093.85
WHEAT,2.88,20,0.738,20.9,572.8,9823.11
WHEAT,5.66,92,0.466,31.6,735.9,14568.6
RICE,5.55,67,0.703,22.3,50.5,17329.94
COTTON,7.47,14,0.487,27.4,290.5,8572.58
SUGARCANE,8.28,107,0.75,26.0,509.8,626249.69
PULSES,3.56,22,0.663,31.7,147.3,2559.22
WHEAT,1.52,59,0.764,31.7,543.4,5364.22
PULSES,6.11,16,0.771,16.4,747.7,5285.45
COTTON,9.32,30,0.778,22.2,607.6,15978.4
MAIZE,8.05,17,0.464,15.8,102.8,23865.84
WHEAT,9.63,34,0.696,22.7,194.8,34429.37
SUGARCANE,6.44,101,0.762,29.9,624.7,499676.64
PULSES,4.86,64,0.44,18.6,351.2,3442.34
WHEAT,5.57,123,0.362,26.0,797.6,7375.47
COTTON,7.76,120,0.478,19.8,459.2,9195.66
SUGARCANE,9.3,140,0.74,34.2,50.1,406252.44
MAIZE,6.16,76,0.828,15.1,788.3,35546.93
MAIZE,0.71,98,0.621,25.2,478.0,3432.41
RICE,0.86,55,0.703,32.8,237.4,3138.0
MAIZE,1.37,61,0.693,16.5,293.5,8123.59
COTTON,8.34,34,0.71,29.6,482.2,13180.94
RICE,9.26,52,0.813,23.3,700.9,42250.66
WHEAT,7.6,12,0.552,16.1,443.3,17194.02
SUGARCANE,1.92,267,0.437,28.5,798.0,112584.62
SUGARCANE,5.96,56,0.708,22.9,149.1,307833.51
SUGARCANE,7.58,290,0.667,25.0,630.4,562086.48
WHEAT,5.07,60,0.78,18.9,512.0,18266.98
WHEAT,2.8,78,0.478,33.5,117.2,4338.21
COTTON,3.97,58,0.769,15.5,278.6,6182.94
SUGARCANE,8.31,236,0.506,33.5,225.1,402888.0
WHEAT,7.7,31,0.661,34.0,745.0,23887.95
MAIZE,0.63,98,0.473,24.4,298.9,3096.58
WHEAT,2.44,76,0.775,34.8,571.3,7423.32
COTTON,6.04,144,0.684,20.7,641.9,10083.56
RICE,4.92,11,0.782,28.3,734.7,21345.4
RICE,0.68,93,0.846,25.2,582.3,3112.84
COTTON,8.73,146,0.69,34.3,470.5,12503.97
RICE,2.85,77,0.748,29.9,63.8,8939.79
MAIZE,6.44,40,0.384,20.5,96.5,10557.03
COTTON,8.96,17,0.375,19.5,306.3,5318.39
WHEAT,1.33,107,0.786,32.5,564.9,3946.46
SUGARCANE,1.95,169,0.195,25.8,205.1,52626.63
SUGARCANE,7.0,113,0.474,29.1,442.9,377701.9
WHEAT,6.73,50,0.761,34.0,138.8,13838.21
WHEAT,7.41,91,0.499,23.2,382.3,19792.44
PULSES,9.37,45,0.688,17.6,69.6,6128.06
SUGARCANE,3.04,300,0.543,19.6,69.6,114156.69
COTTON,1.77,130,0.49,32.0,418.6,2047.01
WHEAT,2.65,114,0.404,20.4,359.8,6948.42
WHEAT,7.7,26,0.841,23.8,512.8,27613.18
COTTON,8.93,119,0.658,29.7,335.3,14458.81
SUGARCANE,9.42,302,0.755,32.5,640.2,617812.1
COTTON,4.84,20,0.459,25.8,787.9,5540.4
COTTON,5.4,22,0.738,32.7,630.3,7411.36
WHEAT,4.51,23,0.617,24.3,534.6,11072.74
SUGARCANE,1.58,309,0.302,17.7,360.2,39620.45
WHEAT,4.81,61,0.422,21.5,536.4,12574.0
WHEAT,7.32,41,0.791,27.7,114.0,18410.34
PULSES,8.02,75,0.438,26.0,82.9,3909.05
MAIZE,5.87,94,0.439,17.9,626.9,24220.6
MAIZE,3.44,108,0.184,18.6,723.9,8636.13
RICE,6.41,42,0.75,25.0,655.6,28508.56
COTTON,2.76,131,0.738,27.0,54.9,3309.63
MAIZE,6.39,81,0.45,18.7,91.3,21146.24
WHEAT,8.61,86,0.668,17.2,795.3,26352.72
MAIZE,6.31,98,0.537,26.2,774.7,31043.19
MAIZE,9.35,21,0.477,33.0,665.2,39133.9
SUGARCANE,1.12,251,0.789,20.5,445.3,86452.55
PULSES,2.49,17,0.796,27.6,790.4,2461.07
PULSES,6.25,46,0.82,20.2,481.4,6263.76
WHEAT,6.34,137,0.776,24.9,184.9,22560.96
PULSES,3.26,34,0.655,27.5,138.4,2337.82
SUGARCANE,9.99,221,0.72,31.1,209.3,780046.78
PULSES,3.18,18,0.751,21.5,54.6,2244.69
MAIZE,4.26,82,0.407,18.5,297.9,20116.61
PULSES,5.05,70,0.555,24.6,520.4,3778.55
SUGARCANE,9.01,246,0.499,29.9,676.3,494435.69
PULSES,6.94,81,0.692,28.7,649.7,7137.2
MAIZE,1.13,29,0.656,34.7,519.9,6556.36
SUGARCANE,6.25,105,0.823,30.0,578.9,472322.78
RICE,3.08,21,0.698,24.0,763.0,13167.31
MAIZE,2.16,57,0.587,33.3,382.8,8394.13
COTTON,9.1,49,0.835,29.6,442.7,15428.71
WHEAT,7.81,35,0.625,28.5,149.5,14309.82
COTTON,4.18,143,0.712,15.9,686.1,6438.13
MAIZE,4.94,15,0.803,29.9,66.9,23412.76
PULSES,8.98,51,0.707,25.6,629.6,9042.33
MAIZE,1.92,45,0.842,26.2,126.8,8908.12
SUGARCANE,3.53,82,0.333,26.5,178.5,96975.66
MAIZE,5.64,16,0.744,28.5,129.4,24894.15
COTTON,4.22,124,0.475,31.3,584.7,5150.53
SUGARCANE,1.25,248,0.669,31.0,573.9,92373.66
MAIZE,7.0,100,0.513,33.9,157.8,29690.12
MAIZE,9.17,60,0.833,21.6,695.6,59461.42
COTTON,0.79,131,0.746,31.9,261.7,1283.77
SUGARCANE,1.71,62,0.793,17.1,467.1,113418.32
MAIZE,5.56,61,0.698,19.9,169.3,36631.32
RICE,3.74,114,0.503,34.6,475.4,10012.27
PULSES,2.74,19,0.571,31.7,135.7,1394.23
MAIZE,5.77,66,0.841,16.4,131.6,24745.16
COTTON,3.61,25,0.813,32.7,727.4,5131.95
RICE,7.69,94,0.756,22.8,483.4,32806.26
PULSES,8.84,48,0.833,21.1,757.5,8694.48
MAIZE,9.91,84,0.847,23.1,145.7,44841.89
MAIZE,9.06,16,0.762,34.6,132.3,34803.75
RICE,2.73,99,0.775,29.2,354.5,11934.15
WHEAT,6.79,131,0.761,31.9,320.2,23702.99
MAIZE,9.98,95,0.652,28.0,158.0,68403.18
PULSES,4.65,27,0.778,23.3,392.0,4736.51
SUGARCANE,9.34,329,0.752,26.0,387.5,708773.99
WHEAT,4.54,11,0.819,19.7,426.3,15838.31
SUGARCANE,5.98,27,0.265,29.1,134.9,116991.55
PULSES,1.26,77,0.385,30.6,398.7,434.47
SUGARCANE,1.34,251,0.559,28.4,563.1,75334.14
SUGARCANE,3.47,37,0.255,15.2,390.5,90994.71
SUGARCANE,7.47,225,0.846,20.9,175.6,586409.15
SUGARCANE,7.62,298,0.776,26.6,479.6,595911.91
MAIZE,8.18,89,0.747,17.5,107.6,34977.59
MAIZE,1.76,45,0.701,29.8,502.9,12092.41
PULSES,1.94,67,0.685,30.7,227.1,1859.3
SUGARCANE,8.69,185,0.381,26.9,666.3,251534.83
COTTON,7.82,70,0.574,18.3,483.3,9704.78
RICE,6.6,106,0.413,24.3,407.2,21069.87
SUGARCANE,2.72,359,0.514,17.9,702.7,130396.23
COTTON,4.13,90,0.298,15.8,738.3,2260.85
COTTON,6.3,79,0.703,17.0,540.8,9253.67
PULSES,7.62,85,0.525,28.6,794.9,5383.95
RICE,6.89,116,0.732,25.5,564.1,29865.86
PULSES,3.19,34,0.774,16.1,495.6,2954.27
WHEAT,9.53,41,0.429,32.1,147.4,14743.12
PULSES,5.88,33,0.567,20.1,400.2,4418.26
PULSES,4.81,45,0.566,28.4,627.6,3379.16
RICE,3.13,17,0.717,16.2,766.7,12103.11
COTTON,1.16,61,0.443,24.8,157.9,1429.4
WHEAT,6.33,37,0.307,17.1,104.7,5140.93
MAIZE,7.88,12,0.436,27.8,749.7,38446.61
MAIZE,1.94,52,0.267,25.3,754.9,4651.66
COTTON,4.34,27,0.651,34.1,663.5,6075.93
SUGARCANE,5.59,193,0.711,16.1,797.8,393084.47
MAIZE,5.58,53,0.742,30.3,535.8,35637.05
RICE,9.69,94,0.789,32.9,523.0,35730.55
RICE,8.91,66,0.434,18.9,589.8,28777.01
COTTON,4.19,148,0.52,34.3,658.8,4473.2
RICE,0.85,17,0.794,23.1,208.8,3797.54
SUGARCANE,4.85,357,0.529,29.8,224.7,259976.43
PULSES,1.85,12,0.834,15.9,576.0,1587.45
WHEAT,6.51,88,0.423,27.2,676.5,15938.91
RICE,1.58,86,0.453,31.1,369.7,5213.51
PULSES,6.94,51,0.787,25.9,291.2,7189.87
WHEAT,7.76,54,0.674,17.8,361.4,25066.25
SUGARCANE,2.07,134,0.112,17.0,685.5,52750.54
WHEAT,0.65,134,0.651,33.5,580.1,1963.03
MAIZE,4.45,108,0.675,17.9,253.2,26301.94
WHEAT,9.41,19,0.793,27.2,116.0,23943.23
MAIZE,3.8,10,0.688,34.7,782.6,21571.52
SUGARCANE,5.32,247,0.558,20.5,195.3,306756.69
PULSES,8.52,70,0.682,33.5,90.5,4950.55
WHEAT,4.63,95,0.614,24.1,128.3,7925.64
SUGARCANE,2.17,24,0.673,32.9,591.1,143343.18
MAIZE,4.48,105,0.478,30.6,294.6,20639.68
PULSES,4.42,35,0.694,24.4,413.3,4546.67
WHEAT,2.55,126,0.725,24.2,195.6,8849.07
MAIZE,2.42,26,0.764,20.6,133.3,11141.87
COTTON,2.13,97,0.709,18.1,645.9,3673.62
WHEAT,5.99,68,0.821,24.8,796.7,21277.9
COTTON,3.15,119,0.459,21.5,484.6,3928.11
SUGARCANE,9.49,303,0.5,15.9,793.5,489463.08
SUGARCANE,0.82,281,0.812,28.9,123.5,44177.16
RICE,5.81,11,0.498,19.4,318.8,18106.86
RICE,0.65,95,0.791,32.2,610.5,2315.38
COTTON,4.91,45,0.497,30.8,327.8,5870.96
PULSES,0.51,90,0.829,21.7,74.5,350.81
MAIZE,7.13,88,0.809,30.8,110.7,34195.13
PULSES,9.36,75,0.296,32.8,133.2,1977.96
SUGARCANE,0.89,197,0.762,16.3,582.0,59855.76
MAIZE,2.77,24,0.577,30.0,703.3,13565.7
PULSES,7.73,51,0.703,28.6,257.9,7318.56
MAIZE,4.8,74,0.675,29.2,558.7,31784.09
MAIZE,4.79,57,0.627,31.2,755.7,21993.29
COTTON,1.33,110,0.469,34.1,132.0,928.34
PULSES,1.91,29,0.525,27.5,269.9,1439.78
SUGARCANE,9.35,252,0.739,27.9,268.6,688484.55
WHEAT,8.43,95,0.719,27.9,294.7,29950.62
PULSES,5.54,80,0.711,17.6,642.0,4774.1
MAIZE,2.65,57,0.323,15.9,314.8,5698.77
WHEAT,6.38,51,0.468,34.5,679.5,14150.62
PULSES,8.05,30,0.658,21.3,144.9,5444.99
WHEAT,2.45,18,0.635,18.0,386.3,6570.21
SUGARCANE,3.36,22,0.75,17.9,393.5,228661.81
RICE,9.72,79,0.196,29.1,405.4,15225.14
SUGARCANE,6.84,299,0.621,21.8,134.2,267564.43
RICE,1.82,80,0.655,27.4,215.3,7893.8
MAIZE,1.02,92,0.755,30.6,625.3,6527.16
RICE,5.61,67,0.63,34.5,345.8,15244.65
SUGARCANE,6.25,38,0.205,18.0,690.4,172718.52
MAIZE,0.62,54,0.846,32.5,115.7,2490.22
COTTON,7.54,116,0.469,31.1,777.8,8979.08
COTTON,1.83,32,0.711,34.8,444.0,2524.33
SUGARCANE,7.68,55,0.778,20.5,181.2,589119.93
SUGARCANE,7.67,80,0.816,20.8,417.9,609654.2
MAIZE,8.43,48,0.798,19.5,643.4,53713.06
MAIZE,9.58,91,0.781,32.9,362.9,53700.19
PULSES,6.63,13,0.705,34.9,100.0,4001.3
SUGARCANE,5.06,233,0.551,24.5,570.7,272580.52
SUGARCANE,7.46,18,0.439,16.2,289.8,390208.12
WHEAT,3.9,23,0.734,33.2,317.0,11423.59
SUGARCANE,6.57,49,0.803,18.7,120.9,363069.16
SUGARCANE,3.56,171,0.564,21.0,564.1,203114.88
RICE,5.58,55,0.403,25.4,329.8,17829.04
MAIZE,9.25,30,0.681,19.4,191.3,63474.03
SUGARCANE,7.05,279,0.571,29.0,651.9,391536.83
RICE,1.61,26,0.239,21.2,321.9,2657.67
SUGARCANE,5.47,185,0.711,29.9,138.9,283886.28
PULSES,1.85,39,0.692,34.6,368.6,1597.72
RICE,1.24,109,0.736,18.9,74.6,3880.23
SUGARCANE,1.06,70,0.113,21.0,57.7,19937.7
RICE,9.24,36,0.69,28.4,71.9,27450.48
PULSES,9.45,84,0.682,25.0,596.4,9113.96
SUGARCANE,1.15,306,0.527,29.3,773.2,62286.22
SUGARCANE,0.54,60,0.367,32.0,406.0,15419.58
WHEAT,4.68,37,0.721,22.6,210.7,16024.78
RICE,7.73,50,0.672,17.7,621.7,31237.5
SUGARCANE,7.36,52,0.673,20.7,500.3,556066.06
COTTON,2.65,114,0.821,18.8,102.2,3165.14
COTTON,9.42,104,0.85,24.8,128.9,10812.71
PULSES,6.93,25,0.73,26.8,126.3,5006.74
WHEAT,1.11,60,0.769,34.8,142.1,2403.39
PULSES,5.24,84,0.801,31.0,757.4,5112.95
PULSES,6.23,61,0.248,17.9,391.0,1942.26
COTTON,5.22,44,0.798,31.6,423.6,8205.39
WHEAT,4.14,93,0.774,16.9,107.4,9411.86
COTTON,8.03,61,0.75,25.1,456.8,13659.55
SUGARCANE,5.69,26,0.355,17.4,387.6,148447.79
COTTON,4.87,18,0.782,30.6,713.5,7765.62
COTTON,1.78,109,0.672,28.5,545.1,2991.44
SUGARCANE,4.96,297,0.522,22.8,421.0,290838.91
SUGARCANE,6.93,155,0.656,15.9,677.7,472991.32
PULSES,6.05,90,0.669,21.9,318.0,5900.42
PULSES,2.82,40,0.542,33.2,99.1,1184.52
MAIZE,2.11,78,0.742,32.3,476.0,12312.25
MAIZE,0.69,70,0.847,22.6,342.7,4587.03
COTTON,1.45,62,0.751,30.3,304.7,2419.97
MAIZE,9.71,35,0.819,30.7,680.3,64315.65
MAIZE,3.02,48,0.217,19.5,607.2,6952.25
SUGARCANE,1.4,182,0.763,25.6,370.3,106154.07
RICE,6.69,48,0.71,28.3,285.0,29183.78
MAIZE,6.44,68,0.531,32.6,520.9,26317.83
WHEAT,5.98,64,0.598,33.8,251.0,13191.96
SUGARCANE,8.6,232,0.311,16.2,200.5,215907.01
WHEAT,1.93,86,0.498,32.2,733.4,4255.93
COTTON,3.04,83,0.462,27.0,354.4,3507.03
WHEAT,0.76,89,0.762,23.7,535.2,2551.34
WHEAT,3.09,17,0.811,28.2,182.0,11260.23
PULSES,5.12,12,0.829,21.3,273.5,4847.59
COTTON,9.02,33,0.818,31.9,227.0,14988.63
SUGARCANE,9.36,277,0.539,30.5,443.9,523973.98
RICE,2.76,25,0.475,31.6,602.9,9102.12
PULSES,2.74,64,0.671,19.3,255.9,2687.75
SUGARCANE,1.03,283,0.84,21.3,367.8,80759.3
MAIZE,8.85,28,0.793,31.4,65.8,42795.63
SUGARCANE,0.83,349,0.413,33.3,553.7,38532.08
COTTON,3.44,102,0.299,25.7,227.3,2052.11
RICE,9.14,60,0.366,21.0,752.2,14999.35
MAIZE,2.5,30,0.283,32.6,625.1,5052.21
RICE,3.1,20,0.626,24.4,359.7,10258.43
PULSES,4.51,22,0.568,25.1,313.9,3280.36
SUGARCANE,7.51,242,0.583,27.8,187.8,418179.84
PULSES,1.79,61,0.711,26.5,133.1,1209.41
PULSES,9.71,26,0.565,30.9,289.5,6976.07
PULSES,1.77,32,0.598,31.0,199.0,1263.5
WHEAT,4.24,106,0.356,19.5,761.1,5656.83
PULSES,6.31,39,0.382,19.0,575.9,2196.35
COTTON,6.37,76,0.842,18.4,475.4,9999.81
SUGARCANE,4.63,242,0.519,19.5,202.4,270845.24
MAIZE,3.24,73,0.736,19.1,211.7,22077.03
PULSES,6.93,63,0.808,15.6,782.1,6011.3
COTTON,9.12,104,0.779,16.7,401.7,14046.25
PULSES,4.28,37,0.57,29.7,242.2,2956.88
RICE,1.0,40,0.721,27.1,553.1,4532.99
PULSES,7.61,15,0.751,22.6,783.1,7662.93
WHEAT,9.7,20,0.702,25.1,747.7,35434.29
WHEAT,1.35,120,0.673,15.9,145.9,3105.03
MAIZE,7.6,65,0.825,27.3,621.2,48975.01
MAIZE,4.64,31,0.849,30.3,163.4,31705.13
PULSES,6.55,66,0.68,19.6,76.9,4430.31
PULSES,4.94,24,0.369,15.8,317.4,1634.02
COTTON,4.85,38,0.608,17.5,120.2,3801.59
WHEAT,8.43,140,0.535,28.3,209.3,22655.53
RICE,5.5,83,0.834,19.9,423.6,23218.22
MAIZE,0.75,97,0.135,22.5,746.9,1729.09
MAIZE,1.96,20,0.792,24.6,521.3,12637.59
PULSES,0.56,15,0.628,21.5,598.7,412.65
SUGARCANE,1.73,34,0.468,31.0,607.8,97336.85
SUGARCANE,4.12,214,0.698,30.4,349.2,302028.72
WHEAT,2.05,113,0.801,28.1,140.5,5046.58
COTTON,7.49,89,0.275,22.2,122.1,3104.1
WHEAT,5.15,109,0.763,23.5,617.4,18691.77
SUGARCANE,2.27,332,0.658,21.8,397.6,169969.82
PULSES,7.28,73,0.779,16.7,401.2,6213.52
COTTON,3.35,42,0.472,20.0,370.8,4047.55
SUGARCANE,1.23,33,0.752,23.3,398.5,96796.56
MAIZE,3.88,84,0.751,17.3,546.2,22308.66
WHEAT,8.51,21,0.825,21.0,490.4,29820.4
PULSES,4.77,43,0.834,31.2,208.3,4523.12
SUGARCANE,2.96,354,0.757,15.1,137.5,138876.06
COTTON,4.87,113,0.632,27.0,415.0,5913.25
SUGARCANE,3.93,354,0.296,31.1,115.7,74217.36
WHEAT,1.56,14,0.445,15.5,410.8,3466.7
WHEAT,4.64,58,0.804,18.0,366.4,15706.37
WHEAT,7.52,123,0.237,32.2,488.9,7937.4
SUGARCANE,8.38,210,0.652,27.6,584.8,676199.37
COTTON,7.5,84,0.73,25.3,593.5,12913.66
COTTON,2.7,25,0.734,21.3,97.6,3241.02
COTTON,8.95,39,0.838,21.9,573.1,14059.85
MAIZE,7.4,70,0.696,19.4,731.8,48054.42
SUGARCANE,8.61,346,0.827,29.5,342.8,657458.14
PULSES,6.7,56,0.592,31.9,516.4,4719.06
PULSES,1.32,71,0.69,27.1,125.7,907.07
COTTON,3.38,63,0.85,22.2,245.6,5675.67
WHEAT,8.37,138,0.663,23.6,513.2,28344.86
WHEAT,5.12,97,0.585,30.4,467.8,13626.66
PULSES,8.8,87,0.57,33.5,378.4,5362.51
RICE,9.76,110,0.588,33.9,667.7,25331.26
RICE,2.09,25,0.619,18.1,269.1,6648.89
SUGARCANE,5.23,60,0.723,31.4,142.2,273493.38
COTTON,7.81,11,0.812,21.8,428.8,12352.01
MAIZE,7.29,63,0.783,18.0,615.1,47737.37
WHEAT,1.81,119,0.732,24.2,689.3,6558.9
MAIZE,9.47,66,0.652,31.1,757.7,59906.78
MAIZE,4.32,108,0.662,30.2,545.1,28915.35
SUGARCANE,1.05,333,0.332,32.5,779.5,24788.34
PULSES,7.16,48,0.475,21.9,670.3,5361.52
SUGARCANE,9.24,216,0.691,25.9,641.3,722297.13
PULSES,3.78,61,0.611,16.7,453.1,2422.49
PULSES,7.53,26,0.758,19.3,433.8,7314.74
MAIZE,7.69,30,0.828,25.8,244.0,52440.19
MAIZE,7.4,74,0.662,22.5,520.2,48129.25
RICE,7.69,25,0.764,15.1,304.2,29648.75
PULSES,9.9,82,0.625,28.3,683.4,6938.28
MAIZE,3.2,110,0.537,17.8,333.2,14152.34
RICE,3.61,84,0.806,24.1,159.9,15765.97
COTTON,1.28,25,0.676,19.3,108.6,1504.54
COTTON,6.09,142,0.609,26.7,527.3,7670.85
PULSES,9.34,72,0.5,18.3,429.3,6714.55
COTTON,1.73,141,0.428,19.3,405.0,2127.17
SUGARCANE,4.01,70,0.498,17.4,478.8,192812.92
WHEAT,1.62,88,0.188,24.7,643.4,1999.39
SUGARCANE,4.51,166,0.452,31.4,416.6,243021.51
MAIZE,1.14,15,0.765,26.3,725.2,7735.69
COTTON,8.43,43,0.521,24.2,387.4,10064.48
PULSES,3.59,89,0.498,19.7,346.5,2595.4
PULSES,8.96,45,0.608,29.1,479.0,6642.26
PULSES,3.43,25,0.42,34.1,456.4,2153.24
SUGARCANE,5.46,253,0.654,28.2,448.9,439859.24
MAIZE,7.97,41,0.601,26.6,113.5,26869.03
MAIZE,4.32,15,0.837,21.8,185.4,27154.99
SUGARCANE,3.52,141,0.846,25.8,264.0,262439.06
RICE,1.97,62,0.414,34.2,186.1,5472.7
MAIZE,4.2,50,0.829,20.2,756.2,28827.42
RICE,2.42,106,0.697,25.2,428.3,11126.48
MAIZE,1.08,69,0.663,15.6,525.2,6680.62
RICE,3.06,85,0.459,26.1,638.9,9600.68
COTTON,4.74,138,0.844,22.5,789.0,8041.57
SUGARCANE,9.55,294,0.65,24.3,672.0,719852.46
WHEAT,0.51,133,0.7,28.6,799.4,1856.67
WHEAT,6.06,140,0.682,25.7,102.5,14319.21
PULSES,1.67,27,0.64,32.6,208.1,1022.53
MAIZE,8.9,53,0.635,29.2,254.8,43413.25
MAIZE,3.75,68,0.195,33.3,150.3,7973.03
SUGARCANE,5.03,14,0.499,32.9,577.5,245712.15
SUGARCANE,1.27,342,0.529,32.9,662.0,60120.58
RICE,3.85,114,0.77,22.7,679.4,17468.31
RICE,1.69,57,0.229,19.4,64.8,1851.37
PULSES,3.9,21,0.55,31.2,215.9,2942.82
MAIZE,0.85,73,0.305,19.2,197.1,2105.51
COTTON,1.55,81,0.749,26.0,544.9,2574.3
PULSES,6.23,32,0.676,16.3,244.7,5589.73
WHEAT,8.87,80,0.786,34.8,569.7,26626.46
MAIZE,6.97,68,0.735,28.5,537.5,47629.83
MAIZE,4.61,62,0.786,24.3,321.1,31214.1
PULSES,2.63,45,0.254,21.3,343.9,931.15
SUGARCANE,8.17,125,0.223,16.5,237.5,198976.21
MAIZE,1.1,90,0.746,31.2,494.4,7351.69
MAIZE,8.48,41,0.698,21.8,90.8,38525.64
WHEAT,9.46,122,0.55,26.6,114.2,16207.58
RICE,4.09,118,0.588,16.2,651.8,11254.78
SUGARCANE,6.45,43,0.661,16.0,687.4,442590.38
SUGARCANE,7.64,129,0.589,27.5,390.1,426308.72
COTTON,8.86,35,0.838,30.7,390.6,14367.84
WHEAT,1.53,13,0.664,30.8,195.2,5425.03
PULSES,5.33,55,0.795,23.9,232.4,5433.43
RICE,1.71,84,0.842,30.1,283.4,7813.84
WHEAT,1.9,89,0.47,34.4,438.3,4199.59
WHEAT,1.04,139,0.534,16.1,307.9,2510.34
PULSES,9.13,18,0.784,28.9,786.4,9128.87
MAIZE,8.59,82,0.279,23.4,171.7,20521.79
RICE,5.21,10,0.566,24.3,209.9,16639.9
MAIZE,8.17,58,0.687,34.8,322.1,43879.95
RICE,5.77,28,0.689,26.7,624.1,24230.07
RICE,2.39,46,0.827,29.4,304.9,10573.32
WHEAT,2.36,55,0.619,15.4,558.1,5371.6
RICE,3.71,36,0.698,31.2,545.7,17044.15
SUGARCANE,8.88,43,0.827,17.6,192.2,617387.36
PULSES,4.06,86,0.777,33.4,622.3,3446.32
SUGARCANE,3.29,86,0.661,30.9,704.6,262234.62
SUGARCANE,8.92,117,0.588,30.8,511.2,482907.64
COTTON,7.64,140,0.754,18.6,584.4,12638.11
COTTON,7.3,136,0.766,27.8,643.0,12225.36
WHEAT,2.59,61,0.697,19.4,368.8,9004.74
WHEAT,9.39,105,0.667,30.0,271.3,33115.01
WHEAT,6.05,129,0.717,24.0,374.4,21013.85
COTTON,3.51,107,0.738,20.3,106.9,4216.81
MAIZE,8.5,75,0.666,20.5,220.8,53960.28
MAIZE,0.86,35,0.785,20.0,608.9,5828.39
MAIZE,2.31,87,0.39,30.0,604.9,5772.62
RICE,7.82,46,0.588,23.1,354.3,25224.08
PULSES,0.61,75,0.376,32.3,220.7,190.83
WHEAT,5.01,129,0.511,30.8,284.8,12425.24
PULSES,4.47,66,0.762,22.5,483.1,4260.83
PULSES,0.59,55,0.734,28.7,352.5,600.38
SUGARCANE,3.35,310,0.807,33.4,165.3,229181.92
MAIZE,5.9,87,0.266,22.8,336.0,14795.35
RICE,5.58,34,0.716,34.2,529.3,20461.51
WHEAT,1.49,55,0.788,24.8,190.0,5019.01
COTTON,3.2,69,0.755,24.1,326.5,5021.83
MAIZE,8.67,62,0.848,17.6,363.8,52751.98
COTTON,9.57,62,0.691,23.6,582.3,15750.68
SUGARCANE,5.96,168,0.75,28.7,256.6,436315.59
WHEAT,4.73,112,0.459,21.6,476.9,12097.85
COTTON,5.97,33,0.826,24.1,575.2,10058.98
MAIZE,4.22,32,0.686,27.4,374.1,27530.77
PULSES,2.24,82,0.79,15.9,714.2,1927.57
PULSES,5.61,18,0.573,19.3,420.1,4238.09
SUGARCANE,1.65,198,0.671,30.3,294.5,126426.64
MAIZE,2.47,15,0.665,28.9,612.3,16108.26
PULSES,4.29,34,0.652,17.3,737.9,3756.3
PULSES,4.91,69,0.76,19.8,762.5,4686.03
MAIZE,8.49,31,0.546,18.5,143.1,29215.16
WHEAT,1.24,12,0.437,22.2,212.5,3026.61
PULSES,5.56,66,0.601,31.2,530.8,4089.83
RICE,4.21,49,0.77,16.0,333.0,16174.35
WHEAT,4.06,71,0.653,15.6,60.9,9292.04
PULSES,6.86,38,0.128,31.7,548.1,2524.92
RICE,4.45,23,0.477,27.5,518.5,14858.48
COTTON,9.42,40,0.671,21.5,61.2,11047.65
RICE,4.2,68,0.782,20.6,517.9,17637.2
WHEAT,4.41,137,0.13,25.7,792.9,5842.63
WHEAT,2.89,34,0.846,28.9,558.4,10653.33
PULSES,1.76,32,0.612,21.4,688.7,1264.94
MAIZE,0.67,84,0.752,29.8,427.6,4512.49
RICE,2.71,88,0.43,19.7,371.4,8449.6
RICE,1.07,57,0.69,22.5,531.5,4584.68
PULSES,6.18,66,0.479,20.6,532.7,4565.51
SUGARCANE,8.02,222,0.469,15.5,685.2,397387.81
WHEAT,2.46,23,0.293,20.0,565.5,3217.92
SUGARCANE,8.79,276,0.738,15.1,702.4,582952.76
WHEAT,1.0,46,0.136,18.5,461.6,1317.79
WHEAT,2.74,30,0.743,18.3,198.2,9571.52
SUGARCANE,2.87,156,0.844,19.0,696.8,220573.89
MAIZE,4.28,31,0.735,27.2,375.1,27275.93
COTTON,0.69,107,0.667,33.1,275.2,971.32
SUGARCANE,7.4,141,0.711,20.7,471.6,568708.51
MAIZE,1.8,70,0.833,15.1,696.2,10938.31
MAIZE,5.17,63,0.381,22.5,417.2,12583.01
SUGARCANE,1.18,29,0.136,33.6,171.8,28822.47
MAIZE,7.83,106,0.522,24.8,566.4,38322.36
PULSES,4.16,64,0.458,15.7,659.8,2730.98
PULSES,0.77,28,0.741,28.6,240.7,770.09
PULSES,8.49,11,0.668,29.2,338.3,8578.3
RICE,5.43,34,0.44,23.5,568.9,17377.12
SUGARCANE,6.76,205,0.797,30.0,743.2,539748.94
RICE,6.54,109,0.595,20.4,207.1,21447.62
PULSES,3.43,31,0.4,16.4,572.2,2228.19
PULSES,3.24,65,0.725,29.1,198.5,3105.59
RICE,4.78,114,0.69,30.0,656.9,20383.97
COTTON,4.69,37,0.44,20.9,333.3,5502.36
MAIZE,0.78,40,0.785,17.0,95.8,3324.9
RICE,6.82,111,0.128,25.4,55.4,7717.06
MAIZE,9.36,70,0.545,21.7,561.4,44222.98
MAIZE,8.26,56,0.491,16.1,317.0,35077.5
RICE,0.53,99,0.817,33.5,69.3,1335.22
SUGARCANE,3.15,137,0.774,28.2,406.4,240442.89
WHEAT,0.53,92,0.722,15.9,655.7,1649.74
COTTON,2.72,134,0.773,16.6,370.9,4213.48
COTTON,9.88,35,0.471,18.9,157.4,11879.78
SUGARCANE,7.96,268,0.75,16.7,674.3,579005.56
COTTON,2.1,124,0.24,25.8,232.5,1218.47
PULSES,7.15,23,0.793,18.2,746.7,7363.51
MAIZE,2.59,42,0.628,28.4,549.1,12957.55
PULSES,7.39,21,0.48,19.5,482.0,5546.32
RICE,6.62,58,0.315,29.5,540.4,10893.96
COTTON,8.18,67,0.708,17.2,305.2,12259.3
WHEAT,7.57,39,0.675,21.3,335.1,27277.7
MAIZE,1.09,78,0.728,23.5,628.5,7408.03
WHEAT,5.44,66,0.652,32.0,286.9,19754.19
MAIZE,8.45,73,0.435,20.7,610.3,41976.06
PULSES,0.83,50,0.848,17.5,797.6,754.8
COTTON,6.5,65,0.791,22.5,785.9,10546.05
PULSES,2.5,38,0.413,32.3,184.3,1528.09
COTTON,3.34,50,0.259,21.7,558.4,2102.26
COTTON,4.22,145,0.468,33.5,575.8,4325.07
RICE,1.74,106,0.608,16.1,750.9,4913.02
PULSES,2.06,27,0.746,32.9,207.3,1786.25
WHEAT,7.49,12,0.821,17.0,639.1,24578.82
COTTON,9.53,119,0.44,16.1,316.7,10265.51
RICE,1.61,75,0.542,34.4,520.2,4337.16
RICE,1.63,60,0.788,34.1,539.6,6020.22
PULSES,9.92,21,0.608,28.0,256.4,7251.82
MAIZE,0.61,24,0.748,28.4,432.3,3833.97
SUGARCANE,9.88,255,0.799,30.9,185.8,759557.35
PULSES,7.18,48,0.67,16.3,731.7,6586.25
WHEAT,4.35,15,0.813,30.7,447.6,14644.29
SUGARCANE,5.62,343,0.801,34.3,723.2,356082.9
SUGARCANE,7.1,12,0.81,17.5,146.6,334302.94
WHEAT,1.33,75,0.408,34.6,429.6,2854.59
SUGARCANE,2.13,346,0.71,33.9,439.6,143351.0
PULSES,5.57,27,0.789,25.5,789.5,5432.75
SUGARCANE,5.35,362,0.814,19.7,191.1,403699.02
WHEAT,9.6,65,0.705,29.6,366.5,33960.45
MAIZE,4.13,30,0.667,20.1,369.0,27788.21
SUGARCANE,2.44,332,0.639,28.9,194.5,134892.95
PULSES,6.65,75,0.501,18.1,794.3,4756.22
RICE,9.66,41,0.675,17.2,461.3,36593.24
PULSES,1.35,52,0.435,31.0,255.2,932.92
WHEAT,4.1,36,0.43,25.5,706.6,10589.23
COTTON,1.41,99,0.608,26.0,505.6,1759.1
WHEAT,3.52,109,0.811,28.6,641.6,12454.42
COTTON,5.03,42,0.787,29.3,543.2,8002.93
SUGARCANE,7.49,37,0.285,22.4,633.1,213457.53
COTTON,7.21,56,0.721,24.4,265.1,12434.96
SUGARCANE,9.45,127,0.822,33.9,354.9,606920.23
RICE,6.53,19,0.627,18.3,93.1,14983.24
SUGARCANE,9.33,15,0.223,25.2,598.1,260708.53
SUGARCANE,7.01,356,0.567,23.1,512.2,408689.76
PULSES,0.57,64,0.58,19.9,604.2,428.9
SUGARCANE,7.0,31,0.632,28.5,711.4,392921.84
WHEAT,2.16,103,0.523,34.0,367.0,4643.33
MAIZE,9.71,53,0.172,25.8,624.8,22413.47
MAIZE,5.09,43,0.798,26.4,213.1,32938.31
PULSES,5.4,14,0.359,32.0,93.1,1293.56
COTTON,3.62,100,0.72,29.4,351.6,5679.64
COTTON,5.17,31,0.83,23.2,734.8,8109.87
PULSES,2.88,70,0.71,23.6,186.6,2940.03
RICE,9.9,94,0.439,22.1,375.5,31234.06
PULSES,2.39,34,0.677,23.4,298.4,2255.27
PULSES,2.39,71,0.385,17.4,416.8,774.02
PULSES,7.29,51,0.587,23.0,594.5,5375.76
COTTON,1.75,37,0.43,21.9,60.2,1497.11
RICE,6.94,53,0.769,15.2,410.1,26883.9
RICE,7.73,41,0.575,18.7,260.9,23783.71
MAIZE,9.95,41,0.503,24.5,637.0,45864.24
PULSES,5.27,33,0.821,27.6,161.5,5019.28
COTTON,0.86,59,0.224,27.3,118.2,344.98
COTTON,5.49,69,0.735,16.2,370.3,7787.13
RICE,3.06,45,0.306,19.9,721.3,4740.19
RICE,1.0,105,0.707,20.6,504.9,4369.6
MAIZE,9.51,56,0.672,28.4,562.2,64463.59
WHEAT,3.65,102,0.541,27.1,228.7,9134.64
SUGARCANE,4.15,64,0.799,17.4,489.9,299449.0
PULSES,8.27,34,0.622,16.5,459.9,5274.77
PULSES,5.0,35,0.681,17.6,363.7,4549.27
SUGARCANE,9.76,197,0.793,33.2,100.8,443532.64
SUGARCANE,8.01,95,0.789,17.6,84.1,391136.42
PULSES,2.31,60,0.756,25.3,106.2,1590.86
SUGARCANE,4.15,209,0.704,18.7,170.0,310532.55
PULSES,0.58,75,0.792,25.5,277.6,558.14
PULSES,3.05,25,0.659,19.8,79.3,2039.28
MAIZE,9.31,44,0.412,34.6,792.2,36883.14
RICE,0.51,54,0.633,21.5,759.8,1694.67
MAIZE,7.36,62,0.471,34.7,519.5,28558.61
MAIZE,2.58,45,0.844,25.7,784.1,17501.7
SUGARCANE,1.51,362,0.781,32.4,525.7,99332.32
COTTON,2.6,78,0.776,32.2,346.6,3626.83
PULSES,7.4,57,0.746,24.9,394.5,7557.21
WHEAT,2.29,135,0.152,20.6,282.6,3044.13
COTTON,7.03,58,0.664,19.9,731.8,12145.12
RICE,7.38,27,0.594,27.1,333.4,22484.12
RICE,7.75,92,0.138,30.4,250.7,12943.86
SUGARCANE,0.63,14,0.131,29.7,303.8,18005.95
WHEAT,1.82,123,0.474,24.6,232.9,4679.48
MAIZE,6.46,25,0.659,25.9,126.9,30998.59
COTTON,1.85,67,0.735,17.9,541.5,2671.94
PULSES,4.16,24,0.848,19.5,767.3,4028.54
RICE,6.35,25,0.835,16.7,82.5,16988.06
COTTON,5.54,56,0.436,28.3,276.2,6859.12
MAIZE,8.82,44,0.292,33.7,658.0,18373.0
RICE,7.99,120,0.143,28.1,290.2,12644.14
PULSES,8.07,71,0.427,23.5,595.0,5603.94
MAIZE,9.95,33,0.485,24.9,411.0,50018.33
SUGARCANE,8.04,180,0.839,33.4,337.4,528814.32
SUGARCANE,5.57,282,0.696,16.7,586.2,387041.12
PULSES,8.21,38,0.456,15.1,795.4,5063.2
SUGARCANE,5.0,78,0.117,22.0,686.6,145134.82
WHEAT,3.3,46,0.532,33.6,365.8,6973.09
WHEAT,1.03,45,0.789,17.9,599.8,3327.04
COTTON,4.03,37,0.418,31.7,702.9,4608.8
MAIZE,1.84,41,0.764,31.3,162.3,11758.34
PULSES,1.83,77,0.472,23.2,303.0,1354.68
PULSES,0.63,24,0.826,15.6,613.3,561.51
RICE,4.27,64,0.61,26.1,672.1,14236.73
SUGARCANE,3.41,126,0.681,34.5,441.1,233851.07
WHEAT,7.56,112,0.453,18.7,609.5,19468.36
RICE,8.26,69,0.781,23.1,335.4,34725.5
MAIZE,6.64,34,0.671,22.3,634.1,43102.97
WHEAT,3.18,37,0.769,30.1,281.8,11251.46
PULSES,9.33,40,0.845,26.3,472.8,9504.77
RICE,0.96,21,0.102,22.1,261.8,1520.35
WHEAT,3.49,110,0.634,29.1,123.0,6196.1
PULSES,5.28,74,0.436,26.7,336.6,3834.43
RICE,3.26,29,0.419,27.5,764.6,10151.97
WHEAT,8.17,46,0.439,34.3,437.2,18184.54
PULSES,5.47,53,0.676,20.8,517.6,5653.65
RICE,8.96,109,0.457,34.9,505.2,25487.44
SUGARCANE,6.46,264,0.653,30.3,282.2,515701.86
RICE,5.24,68,0.837,18.2,260.1,22740.89
RICE,1.18,100,0.462,24.5,242.0,3918.23
PULSES,9.28,25,0.242,22.3,265.0,3310.41
SUGARCANE,9.21,76,0.752,27.5,285.2,679632.4
COTTON,5.31,77,0.638,15.9,783.1,5480.78
WHEAT,7.15,12,0.671,22.5,477.6,26058.52
WHEAT,4.19,128,0.484,24.4,451.3,11067.81
RICE,1.32,103,0.842,22.9,374.8,5750.8
RICE,3.51,87,0.79,24.5,258.8,14730.92
WHEAT,9.51,47,0.477,15.6,500.8,21648.73
MAIZE,8.0,70,0.692,15.5,619.0,47153.72
MAIZE,6.54,20,0.705,16.6,705.3,38658.88
COTTON,5.49,76,0.661,32.9,371.4,8056.5
MAIZE,2.06,54,0.24,25.7,637.9,5174.19
COTTON,3.87,109,0.535,32.9,198.9,4035.32
SUGARCANE,6.36,175,0.598,29.7,668.9,364463.04
RICE,1.93,68,0.245,21.3,644.0,3141.71
MAIZE,5.45,10,0.374,32.1,525.7,11272.45
SUGARCANE,1.43,121,0.445,28.9,630.8,80888.35
WHEAT,3.81,58,0.267,15.3,660.3,4176.77
MAIZE,5.27,25,0.556,24.1,357.8,24922.15
SUGARCANE,4.55,181,0.685,23.6,182.7,353674.53
SUGARCANE,4.64,155,0.565,23.7,262.4,262967.86
RICE,9.96,113,0.422,15.3,749.4,27547.95
PULSES,7.64,79,0.739,26.6,74.5,5183.28
COTTON,2.51,126,0.673,32.1,762.9,3467.69
COTTON,4.42,111,0.725,19.5,262.7,7569.85
MAIZE,3.42,63,0.401,33.2,74.5,9304.78
MAIZE,8.49,76,0.544,21.7,769.4,42760.38
WHEAT,5.78,110,0.779,31.6,651.0,20504.0
WHEAT,9.42,109,0.15,33.1,438.0,10184.8
RICE,7.25,26,0.776,30.7,682.3,32306.15
MAIZE,8.45,30,0.159,16.9,378.1,18487.26
SUGARCANE,1.95,326,0.621,16.6,336.8,100661.71
WHEAT,9.84,101,0.781,19.4,195.4,35816.03
PULSES,7.91,58,0.558,20.5,751.2,5767.78
PULSES,9.86,23,0.835,17.5,156.4,8576.17
WHEAT,1.38,136,0.619,19.2,125.5,2546.02
COTTON,1.2,29,0.734,32.8,525.2,1674.73
WHEAT,2.21,12,0.291,27.6,691.1,2720.52
MAIZE,9.94,71,0.274,15.1,441.3,20943.3
RICE,2.33,13,0.754,30.2,212.2,10113.49
WHEAT,0.78,45,0.796,33.8,250.7,2329.46
RICE,3.81,80,0.512,31.2,377.0,12736.18
WHEAT,2.88,60,0.613,20.6,344.6,7434.47
SUGARCANE,3.46,115,0.241,32.7,367.8,84382.65
MAIZE,6.42,87,0.69,22.1,723.4,43725.11
COTTON,2.09,18,0.173,23.2,502.9,1301.31
SUGARCANE,3.85,25,0.812,23.6,189.4,288899.96
WHEAT,6.74,105,0.713,15.2,566.2,21815.24
WHEAT,4.92,92,0.535,22.7,501.4,12629.54
RICE,5.83,101,0.612,32.2,106.1,11536.19
COTTON,6.98,121,0.714,18.9,652.0,11515.45
MAIZE,4.5,25,0.77,26.8,227.3,28278.17
RICE,6.61,119,0.651,24.2,148.3,21309.26
RICE,9.01,77,0.779,16.4,121.3,25731.27
PULSES,3.36,50,0.496,26.1,284.9,2446.37
COTTON,3.34,126,0.778,33.2,682.3,4889.39
RICE,0.78,16,0.433,34.9,696.0,2169.18
WHEAT,2.12,58,0.595,31.3,453.2,5158.52
PULSES,8.75,43,0.41,16.0,278.2,5536.03
PULSES,6.32,58,0.684,17.8,395.5,5420.68
WHEAT,7.65,115,0.56,25.4,230.4,19540.77
COTTON,9.78,92,0.516,16.8,624.7,10785.67
MAIZE,5.81,41,0.576,19.1,108.5,20442.56
RICE,2.52,95,0.814,18.8,128.4,7535.47
SUGARCANE,7.74,273,0.583,21.2,390.5,418442.93
SUGARCANE,1.5,76,0.723,34.5,700.9,98307.18
COTTON,2.29,81,0.787,34.0,482.9,3083.92
COTTON,8.82,38,0.829,18.7,71.4,10352.01
COTTON,3.84,40,0.124,23.6,163.0,2304.5
SUGARCANE,3.67,235,0.67,28.0,599.0,280402.42
MAIZE,2.3,32,0.756,24.9,375.2,15455.0
PULSES,2.86,24,0.661,15.7,249.6,2437.63
RICE,3.12,89,0.497,22.9,214.9,10307.55
PULSES,3.05,36,0.691,27.7,579.4,2955.48
RICE,1.4,74,0.28,29.8,689.4,2282.1
WHEAT,3.49,27,0.716,24.1,771.7,12488.77
COTTON,3.67,55,0.356,18.4,620.2,2094.04
MAIZE,9.71,84,0.825,24.5,83.9,42695.21
PULSES,9.91,39,0.683,17.9,120.4,6060.09
PULSES,3.69,72,0.638,20.1,414.9,2620.74
RICE,8.36,48,0.614,30.5,692.7,27827.88
SUGARCANE,5.1,148,0.575,15.4,784.0,266197.45
PULSES,9.94,55,0.699,29.8,780.0,9702.26
PULSES,1.35,58,0.632,32.5,559.1,859.18
COTTON,9.88,144,0.832,22.0,298.4,16447.33
MAIZE,3.44,15,0.79,31.7,142.2,16362.17
SUGARCANE,9.7,187,0.844,25.0,564.1,744384.25
WHEAT,5.47,84,0.559,21.1,266.2,14423.0
RICE,4.81,37,0.769,16.1,279.4,18914.88
PULSES,8.42,16,0.72,20.7,694.3,8473.61
SUGARCANE,1.97,54,0.434,29.7,374.0,114934.24
MAIZE,2.58,70,0.172,28.6,339.7,6129.53
RICE,8.98,48,0.685,23.7,706.9,40714.67
WHEAT,6.99,61,0.733,19.0,278.7,24106.14
PULSES,4.88,33,0.825,23.7,154.0,4803.13
MAIZE,5.29,97,0.512,23.6,365.4,25164.13
RICE,9.17,13,0.222,30.1,511.4,14382.07
WHEAT,6.01,105,0.759,26.3,270.0,21695.37
COTTON,1.7,11,0.803,25.4,679.4,2688.5
MAIZE,8.38,93,0.769,31.4,474.1,56362.13
RICE,1.65,84,0.577,16.1,203.8,4582.9
PULSES,9.69,27,0.785,32.0,275.7,9411.69
RICE,8.15,89,0.428,15.0,502.8,22582.49
RICE,2.85,23,0.817,23.9,91.7,8446.03
COTTON,5.1,57,0.602,25.9,666.3,6230.97
PULSES,6.36,65,0.654,17.8,608.4,5519.81
SUGARCANE,7.55,289,0.746,20.8,125.0,410557.2
MAIZE,6.84,60,0.81,24.3,660.1,43555.68
MAIZE,4.84,82,0.766,15.7,537.8,29201.52
COTTON,0.91,100,0.236,29.5,257.7,572.3
MAIZE,5.26,74,0.831,25.5,434.8,33585.98
WHEAT,3.84,96,0.822,17.8,638.7,12357.87
COTTON,1.15,133,0.744,28.2,482.0,1978.6
PULSES,5.49,26,0.541,26.6,488.4,4083.2
RICE,0.93,119,0.456,28.3,424.6,3029.37
MAIZE,7.72,108,0.576,19.7,724.8,35847.97
COTTON,7.68,117,0.118,20.0,78.1,3306.22
COTTON,7.75,17,0.193,29.0,333.2,4877.32
SUGARCANE,5.79,110,0.738,20.7,200.9,430764.94
SUGARCANE,8.18,108,0.655,34.2,122.2,357274.06
WHEAT,8.99,102,0.536,32.3,305.5,19918.98
PULSES,6.6,73,0.691,31.6,425.6,6440.23
SUGARCANE,8.61,44,0.775,32.5,476.9,542515.88
SUGARCANE,3.33,70,0.66,25.8,66.9,185254.42
MAIZE,9.26,42,0.722,32.4,168.4,50847.65
SUGARCANE,5.97,275,0.245,23.0,92.5,119323.2
RICE,6.04,43,0.408,23.4,200.4,20077.98
RICE,1.82,80,0.479,30.1,734.2,5569.1
COTTON,1.19,19,0.664,23.3,604.5,2047.81
SUGARCANE,5.05,76,0.658,15.7,430.7,355226.27
COTTON,5.04,68,0.661,30.5,658.5,8344.43
COTTON,6.98,14,0.66,30.3,571.6,11436.06
COTTON,5.72,39,0.829,34.7,325.8,7776.53
COTTON,9.22,70,0.768,19.5,610.6,15803.77
SUGARCANE,5.9,17,0.46,16.1,92.5,206873.03
MAIZE,0.92,54,0.614,35.0,147.3,2600.67
PULSES,1.66,19,0.838,19.1,578.9,1694.91
WHEAT,4.71,87,0.326,20.9,540.2,6044.98
MAIZE,3.53,79,0.661,33.0,579.1,20044.65
MAIZE,1.25,27,0.525,21.1,464.7,5773.65
PULSES,8.26,28,0.697,23.8,623.1,8547.87
RICE,5.24,14,0.768,21.0,773.8,22040.89
SUGARCANE,4.15,19,0.492,15.9,204.3,202559.47
COTTON,5.56,88,0.803,33.7,732.5,7996.34
MAIZE,9.27,43,0.542,30.1,305.7,45960.98
COTTON,8.72,24,0.533,34.0,749.4,8705.32
SUGARCANE,4.9,303,0.585,20.2,770.2,273503.6
WHEAT,1.75,13,0.787,20.5,799.1,6327.14
MAIZE,3.71,60,0.705,20.4,237.9,24860.71
SUGARCANE,0.62,167,0.714,20.3,184.1,47562.05
COTTON,0.58,19,0.239,31.9,213.4,332.64
RICE,3.13,88,0.841,23.8,243.5,14166.89
MAIZE,8.76,26,0.685,32.4,542.0,47829.86
PULSES,0.87,74,0.539,15.8,588.0,539.0
PULSES,9.92,42,0.819,32.0,455.3,9373.69
WHEAT,3.82,29,0.673,16.5,203.0,12186.92
PULSES,4.45,64,0.434,21.5,641.1,3151.13
COTTON,9.03,105,0.845,27.4,170.2,14220.99
WHEAT,9.16,16,0.692,21.3,586.8,33023.63
SUGARCANE,7.27,120,0.767,28.1,162.6,574490.75
PULSES,1.25,19,0.388,26.3,798.4,455.86
PULSES,4.47,25,0.527,16.0,404.2,2903.64
COTTON,3.51,59,0.47,19.9,232.3,4324.73
MAIZE,2.69,50,0.428,19.8,599.6,13402.95
MAIZE,1.26,81,0.833,28.1,503.9,8273.56
COTTON,2.68,42,0.171,33.2,555.6,1389.48
SUGARCANE,2.97,156,0.674,23.2,428.8,220649.23
COTTON,6.51,60,0.61,15.3,140.6,4805.1
SUGARCANE,7.26,250,0.43,15.7,373.6,372857.88
RICE,1.76,120,0.728,23.4,145.6,5527.55
WHEAT,7.26,40,0.815,21.7,506.6,24552.85
PULSES,0.93,55,0.364,27.6,605.5,332.65
COTTON,7.15,56,0.541,31.4,432.0,8281.64
RICE,6.14,57,0.509,21.4,182.5,20085.23
MAIZE,9.48,22,0.749,16.0,438.3,56453.07
SUGARCANE,8.52,228,0.727,30.1,765.1,625989.07
PULSES,8.88,36,0.706,32.6,285.8,7358.45
WHEAT,1.63,80,0.695,18.4,754.4,5599.57
SUGARCANE,7.66,128,0.434,19.1,679.1,439892.68
RICE,6.18,15,0.257,31.0,55.0,7151.75
RICE,4.01,46,0.266,29.6,440.7,6628.39
MAIZE,9.22,101,0.603,23.9,374.2,43207.38
WHEAT,9.93,39,0.333,29.9,216.8,12169.38
WHEAT,5.32,80,0.797,28.4,105.6,13354.84
RICE,4.62,100,0.476,31.8,545.8,15342.2
RICE,9.52,90,0.677,22.5,757.4,42614.12
MAIZE,4.97,72,0.576,20.7,198.9,24752.66
SUGARCANE,8.64,119,0.663,26.2,206.4,643865.64
COTTON,7.04,107,0.456,22.0,447.8,8831.82
MAIZE,8.49,47,0.518,27.6,498.4,40928.92
MAIZE,1.42,24,0.36,30.3,364.7,3390.0
WHEAT,6.79,39,0.841,28.2,310.7,23657.23
WHEAT,7.85,133,0.607,27.0,565.4,19149.4
MAIZE,5.32,110,0.762,21.5,556.2,34800.31
COTTON,4.54,76,0.178,29.6,304.9,2810.77
MAIZE,4.75,38,0.683,19.1,519.0,32754.1
SUGARCANE,6.3,76,0.405,29.4,651.8,338344.12
PULSES,3.67,55,0.533,28.1,439.0,2605.96
WHEAT,9.86,111,0.455,31.0,733.0,24816.28
WHEAT,5.75,73,0.11,15.4,755.3,6360.71
COTTON,8.02,20,0.71,19.6,629.3,12898.61
MAIZE,7.62,110,0.73,31.4,707.5,52112.49
RICE,1.2,102,0.576,15.4,607.0,3470.41
WHEAT,1.41,110,0.771,21.2,292.8,4969.33
RICE,3.37,68,0.703,28.1,403.6,14518.45
RICE,2.61,62,0.747,33.2,449.9,9512.11
RICE,9.93,103,0.725,25.9,131.2,29740.46
RICE,4.27,39,0.745,17.2,283.0,16306.85
PULSES,9.77,22,0.692,33.8,495.1,7879.35
COTTON,6.36,131,0.818,30.2,94.2,7340.96
COTTON,3.46,96,0.409,28.8,499.0,4306.22
MAIZE,7.06,106,0.748,25.0,769.6,45364.65
COTTON,7.23,141,0.798,29.7,740.9,11840.87
RICE,4.07,106,0.754,17.4,198.0,16713.13
RICE,0.87,64,0.775,25.5,154.9,3971.25
COTTON,4.29,85,0.849,29.4,710.2,6916.48
MAIZE,6.34,57,0.683,20.8,563.8,43111.09
PULSES,4.03,87,0.743,33.7,745.3,3465.9
WHEAT,2.06,131,0.733,18.0,100.3,5317.95
MAIZE,7.16,35,0.529,21.6,95.8,23982.29
WHEAT,1.13,67,0.653,18.9,263.1,4141.28
COTTON,6.05,88,0.803,33.7,470.8,8605.27
WHEAT,1.24,49,0.693,18.6,472.7,4201.86
SUGARCANE,6.08,206,0.804,26.8,257.9,482546.54
SUGARCANE,6.85,252,0.651,19.6,212.3,550106.46
SUGARCANE,1.89,94,0.65,16.6,777.4,126222.21
COTTON,4.54,130,0.75,17.3,470.1,6659.18
COTTON,7.21,100,0.754,25.6,712.5,12303.59
WHEAT,9.48,81,0.602,26.2,417.6,24970.08
PULSES,1.64,65,0.443,32.3,691.5,1030.85
MAIZE,7.42,37,0.61,33.4,193.2,29892.78
PULSES,9.96,35,0.755,15.1,282.8,8514.16
MAIZE,9.2,74,0.276,15.7,256.2,19829.74
RICE,9.96,100,0.775,34.4,667.5,38603.28
COTTON,9.97,126,0.745,32.5,612.9,14412.8
RICE,4.01,88,0.437,29.7,703.2,12359.33
COTTON,8.42,40,0.777,16.2,123.1,8791.17
WHEAT,6.72,14,0.784,33.0,723.3,19441.15
SUGARCANE,7.36,197,0.838,23.1,678.3,576333.9
RICE,2.33,107,0.796,16.7,382.5,9019.68
WHEAT,7.04,114,0.799,31.8,52.4,16954.12
MAIZE,1.62,69,0.789,26.3,397.3,10281.71
RICE,2.23,21,0.768,34.3,625.0,8581.01
WHEAT,6.56,127,0.795,19.9,678.0,23419.83
WHEAT,7.6,43,0.726,20.7,259.2,26925.99
COTTON,2.65,58,0.69,34.6,244.5,3694.18
RICE,5.15,84,0.804,25.5,672.1,23083.83
WHEAT,0.85,108,0.764,34.9,375.4,2580.33
PULSES,8.06,36,0.844,26.0,607.3,7795.04
SUGARCANE,7.85,142,0.702,33.4,437.8,520518.89
COTTON,1.83,92,0.726,26.8,75.4,2156.2
PULSES,3.91,11,0.745,21.7,727.2,3749.78
MAIZE,3.41,69,0.8,23.8,512.5,22716.6
PULSES,4.63,61,0.699,29.5,500.7,4575.7
COTTON,3.35,69,0.616,25.1,365.7,4130.18
SUGARCANE,4.31,24,0.683,21.0,497.6,338428.8
SUGARCANE,2.39,300,0.431,21.7,769.9,140134.83
MAIZE,8.03,28,0.51,18.3,50.6,26029.7
WHEAT,3.36,30,0.822,23.7,593.1,11418.14
SUGARCANE,8.53,201,0.682,17.0,462.4,584865.83
WHEAT,9.17,106,0.569,30.3,121.9,15822.17
WHEAT,4.3,93,0.597,29.6,368.4,10891.15
RICE,3.8,95,0.541,19.4,506.4,12485.7
MAIZE,3.94,74,0.547,30.0,735.9,19187.32
WHEAT,5.25,21,0.737,21.8,540.5,18342.71
MAIZE,3.46,96,0.408,34.2,366.3,13641.83
PULSES,5.41,23,0.667,28.7,126.1,3885.02
RICE,2.03,26,0.727,24.1,414.6,9342.8
COTTON,4.51,23,0.702,27.7,502.7,7666.54
COTTON,5.27,131,0.603,34.4,133.8,3641.93
COTTON,5.55,108,0.419,15.1,761.2,6118.41
MAIZE,2.38,88,0.509,16.0,261.3,9892.49
COTTON,4.87,22,0.565,20.0,303.1,5724.87
RICE,5.66,32,0.733,23.9,273.3,23747.5
RICE,3.89,14,0.729,18.5,451.2,16475.96
WHEAT,6.51,120,0.483,24.2,512.9,17363.51
PULSES,8.29,82,0.665,22.5,160.1,8598.45
PULSES,8.22,22,0.846,16.6,745.6,7506.58
COTTON,4.31,57,0.174,28.1,712.2,2673.11
COTTON,9.67,59,0.849,27.3,454.4,16424.15
PULSES,8.09,57,0.693,33.7,256.1,6936.31
WHEAT,3.13,21,0.618,28.6,254.5,7938.43
RICE,7.93,94,0.703,27.0,781.9,34257.52
WHEAT,2.64,93,0.772,29.6,507.0,9256.23
COTTON,6.53,94,0.745,26.2,307.2,10580.17
COTTON,1.94,137,0.79,28.5,241.8,3051.28
SUGARCANE,9.69,333,0.847,16.7,611.0,673504.14
MAIZE,3.27,50,0.743,18.1,488.7,21850.19
SUGARCANE,4.6,21,0.468,29.9,792.3,254387.32
SUGARCANE,1.75,320,0.136,22.9,208.5,47092.1
MAIZE,2.2,30,0.636,34.6,462.6,8843.18
WHEAT,4.47,81,0.723,17.1,713.6,14812.7
PULSES,3.52,78,0.695,23.1,617.6,3410.32
COTTON,1.99,55,0.651,31.6,622.2,3334.79
PULSES,9.12,59,0.734,23.4,191.7,8603.58
WHEAT,1.82,138,0.274,29.6,759.1,2288.84
WHEAT,2.08,130,0.628,15.5,501.0,4931.24
COTTON,5.74,59,0.439,22.4,706.0,6664.29
PULSES,9.25,51,0.663,15.6,483.2,8208.12
PULSES,6.23,40,0.633,25.0,133.4,3172.58
MAIZE,8.78,30,0.794,16.4,611.5,53102.51
COTTON,8.74,130,0.417,23.3,245.0,10714.52
RICE,7.3,87,0.528,15.5,410.6,21499.21
MAIZE,8.21,102,0.487,29.3,433.7,39997.66
COTTON,7.98,36,0.702,31.5,615.2,12655.84
WHEAT,3.98,96,0.699,24.7,248.4,13771.47
PULSES,1.2,72,0.582,21.8,566.9,849.37
COTTON,7.15,80,0.802,18.0,266.3,11468.38
MAIZE,5.85,101,0.839,18.2,525.4,38514.57
COTTON,6.9,49,0.567,17.9,269.2,7365.73
PULSES,2.67,37,0.68,15.2,323.1,2381.01
SUGARCANE,4.36,326,0.382,27.9,490.4,122093.37
SUGARCANE,4.06,258,0.609,24.6,413.0,224628.78
PULSES,9.5,53,0.691,18.0,506.5,9620.15
RICE,6.67,55,0.764,27.8,59.2,21049.5
SUGARCANE,9.03,113,0.657,27.5,764.0,695825.68
MAIZE,5.76,78,0.529,16.6,648.4,24750.41
SUGARCANE,2.86,141,0.444,33.7,693.1,132437.73
PULSES,4.83,15,0.177,20.5,607.3,1779.37
RICE,9.11,26,0.662,19.6,489.3,40409.76
COTTON,1.43,23,0.777,18.9,137.3,1582.84
WHEAT,1.45,65,0.71,15.2,372.3,4779.64
PULSES,8.92,34,0.777,30.1,794.2,8611.57
COTTON,6.21,136,0.479,24.7,262.8,7560.26
MAIZE,8.74,41,0.786,25.1,519.4,55442.8
WHEAT,5.13,91,0.522,24.9,184.1,13474.83
PULSES,3.39,66,0.787,31.5,195.2,3224.78
WHEAT,2.53,138,0.803,24.4,563.6,9286.36
WHEAT,5.92,49,0.688,22.9,178.8,20125.61
PULSES,1.99,76,0.29,30.8,634.8,699.88
MAIZE,4.98,48,0.711,29.5,671.9,32261.08
MAIZE,4.54,60,0.401,33.8,91.5,12847.97
PULSES,8.15,68,0.405,29.1,206.5,5995.14
MAIZE,8.41,13,0.808,21.5,470.0,53837.78
WHEAT,6.37,122,0.426,19.9,294.1,16274.07
PULSES,6.13,15,0.494,34.2,579.9,3657.71
SUGARCANE,6.07,40,0.778,20.5,327.1,487188.93
RICE,4.98,105,0.845,29.6,668.2,22731.4
SUGARCANE,3.34,112,0.738,21.6,459.9,261312.65
SUGARCANE,5.54,159,0.434,30.4,703.0,316421.57
PULSES,3.48,56,0.229,32.7,188.1,1061.51
COTTON,3.94,60,0.569,20.1,610.7,4502.54
RICE,6.6,64,0.747,16.0,446.3,27215.37
SUGARCANE,4.05,299,0.656,25.1,648.7,320897.94
COTTON,3.19,95,0.576,26.3,780.7,3935.41
SUGARCANE,2.0,272,0.421,33.4,507.5,99892.88
RICE,7.79,65,0.512,32.8,795.8,20451.86
MAIZE,1.19,92,0.741,30.6,604.6,8206.25
RICE,4.31,47,0.816,15.4,218.9,16943.26
MAIZE,8.63,84,0.478,24.2,549.1,42542.15
SUGARCANE,9.29,305,0.805,19.1,186.2,681439.42
SUGARCANE,9.47,30,0.53,34.1,295.6,442447.88
WHEAT,6.75,61,0.735,20.4,752.2,23088.15
MAIZE,0.76,66,0.84,15.5,700.6,4674.29
WHEAT,4.11,124,0.69,30.4,492.7,13924.17
WHEAT,5.31,41,0.692,33.8,605.5,15662.54
MAIZE,4.44,36,0.332,22.2,241.5,10242.54
COTTON,0.65,107,0.496,32.1,316.0,692.55
RICE,4.62,118,0.455,29.0,537.8,15242.55
COTTON,0.65,80,0.615,15.9,685.6,679.35
RICE,1.72,29,0.744,15.8,497.2,6613.56
PULSES,6.78,57,0.598,23.4,181.0,4890.68
WHEAT,7.55,56,0.835,30.7,72.5,18052.69
COTTON,6.44,77,0.407,15.5,71.4,4854.28
PULSES,8.78,62,0.725,27.0,443.9,8395.08
RICE,3.81,38,0.848,17.2,406.8,15816.89
SUGARCANE,4.68,318,0.4,24.5,724.7,255707.83
MAIZE,6.74,56,0.294,16.9,419.6,15040.41
SUGARCANE,2.36,122,0.811,17.9,544.4,167525.25
PULSES,4.34,88,0.695,18.7,544.5,4222.97
COTTON,6.85,143,0.848,20.3,724.6,11108.03
MAIZE,6.78,84,0.604,30.0,649.8,32973.19
WHEAT,9.81,13,0.657,30.9,171.4,33918.38
SUGARCANE,5.07,186,0.824,34.4,354.2,348180.8
COTTON,6.4,149,0.799,28.1,435.9,10388.24
WHEAT,2.93,134,0.51,16.9,692.2,6928.45
MAIZE,1.1,56,0.655,25.9,120.9,5323.44
RICE,1.64,101,0.825,21.1,377.1,7565.48
RICE,9.68,74,0.814,32.7,433.2,34906.07
PULSES,2.61,12,0.799,25.5,635.0,2600.15
SUGARCANE,5.49,282,0.696,33.9,448.2,354810.03
RICE,6.96,91,0.548,31.9,613.3,21497.05
SUGARCANE,4.53,113,0.842,34.0,272.4,308376.4
COTTON,8.99,129,0.794,21.0,106.2,10599.78
PULSES,3.46,88,0.663,30.1,155.2,3418.87
WHEAT,7.76,72,0.682,23.4,493.6,26628.42
MAIZE,1.17,45,0.73,29.5,489.4,7855.06
WHEAT,4.71,80,0.403,17.3,283.4,10420.6
PULSES,6.19,39,0.472,17.5,607.2,3992.82
RICE,8.86,106,0.199,20.4,791.0,14008.02
MAIZE,1.57,69,0.684,29.2,699.1,10348.84
MAIZE,2.63,23,0.796,34.2,698.8,14372.6
PULSES,5.2,65,0.778,32.3,260.2,4473.84
MAIZE,9.09,91,0.734,31.7,787.3,57492.81
RICE,7.27,72,0.749,26.8,549.2,30721.16
PULSES,5.13,87,0.49,25.4,743.9,3650.23
SUGARCANE,1.52,339,0.267,17.3,623.0,37770.43
PULSES,7.24,87,0.729,29.9,310.5,7374.12
COTTON,5.95,143,0.73,31.1,608.3,9750.54
RICE,2.55,33,0.839,17.0,740.5,10402.85
PULSES,4.84,42,0.787,22.0,774.2,4684.57
RICE,3.58,99,0.176,30.9,207.0,5883.12
SUGARCANE,6.66,215,0.587,18.4,424.9,357626.48
MAIZE,6.36,104,0.632,21.3,279.4,31792.38
RICE,6.57,50,0.553,30.1,201.6,21772.4
COTTON,3.83,122,0.581,34.2,292.1,3754.82
SUGARCANE,3.45,269,0.535,30.1,453.7,191228.8
PULSES,1.22,21,0.77,32.5,353.5,1002.34
PULSES,3.73,55,0.834,17.1,767.1,3427.98
MAIZE,6.33,20,0.695,31.5,234.4,40336.71
MAIZE,0.75,38,0.636,19.9,219.4,3653.24
WHEAT,1.88,85,0.654,27.2,678.4,6561.04
SUGARCANE,9.98,108,0.82,26.6,520.4,798322.67
COTTON,7.59,103,0.463,22.4,725.0,9505.95
MAIZE,5.63,19,0.139,32.2,789.7,11194.5
SUGARCANE,6.0,59,0.327,25.1,406.8,164866.54
SUGARCANE,2.66,188,0.555,26.1,788.8,148442.91
SUGARCANE,8.45,245,0.519,23.7,764.9,457647.86
SUGARCANE,4.76,342,0.72,32.4,160.9,317212.28
RICE,9.57,45,0.839,29.6,585.2,42069.3
PULSES,7.76,27,0.162,24.0,453.8,2842.4
MAIZE,2.71,75,0.142,25.8,561.0,6383.32
RICE,9.72,16,0.486,17.4,783.0,28312.31
SUGARCANE,4.43,92,0.46,27.0,619.1,240125.09
WHEAT,0.78,136,0.48,16.9,352.7,1833.23
PULSES,4.18,62,0.745,31.9,187.2,4060.07
WHEAT,7.22,74,0.687,23.0,220.0,26648.61
PULSES,1.27,67,0.526,15.4,504.6,862.63
RICE,6.99,22,0.843,25.6,53.5,21281.08
RICE,8.1,82,0.822,34.1,191.4,30660.17
WHEAT,5.58,98,0.787,18.1,330.6,19007.04
COTTON,7.21,55,0.813,23.9,516.6,12414.35
RICE,8.17,49,0.131,28.7,492.6,12637.21
RICE,5.23,87,0.773,21.7,391.0,23376.71
COTTON,7.95,39,0.416,19.9,156.0,9979.21
COTTON,2.29,113,0.662,34.6,410.3,3322.08
PULSES,7.22,85,0.754,28.3,290.4,7167.34
SUGARCANE,7.17,277,0.759,19.0,290.2,549213.86
WHEAT,3.28,119,0.725,24.8,418.4,11339.53
COTTON,6.29,88,0.807,20.7,563.0,9916.78
RICE,2.29,21,0.767,33.0,457.1,8685.3
PULSES,0.96,13,0.711,18.8,773.1,907.86
PULSES,8.8,75,0.686,22.4,574.4,9069.77
RICE,4.84,33,0.571,16.5,202.7,13530.41
PULSES,6.32,15,0.16,28.8,743.2,2162.52
WHEAT,6.77,94,0.386,31.5,328.8,8958.31
RICE,1.98,86,0.784,32.6,367.1,7457.44
PULSES,3.44,44,0.652,31.5,332.8,3522.29
WHEAT,8.26,134,0.652,28.9,81.3,20896.31
WHEAT,6.8,67,0.673,18.2,643.4,22898.38
SUGARCANE,3.61,141,0.307,28.9,263.6,98921.32
SUGARCANE,2.98,71,0.827,19.0,114.9,166186.82
WHEAT,1.71,19,0.672,19.6,674.8,5829.28
PULSES,8.16,40,0.724,29.8,381.5,8295.81
PULSES,9.37,34,0.574,15.9,60.7,4102.63
MAIZE,9.26,54,0.83,16.1,335.0,57462.11
SUGARCANE,1.1,104,0.481,29.4,69.0,42863.57
WHEAT,6.22,83,0.679,34.3,92.5,13267.86
COTTON,5.42,14,0.441,33.7,327.8,5331.31
RICE,7.0,10,0.763,31.3,626.5,29628.5
WHEAT,7.74,19,0.665,28.0,733.1,28435.97
PULSES,4.17,88,0.832,19.8,417.9,4025.11
PULSES,4.82,29,0.826,19.5,265.1,4882.02
COTTON,9.99,51,0.654,31.1,158.0,16417.45
PULSES,8.86,39,0.136,27.5,206.1,3159.55
COTTON,4.88,125,0.728,22.3,294.5,7970.58
PULSES,5.53,41,0.688,18.9,705.2,5561.93
SUGARCANE,3.95,247,0.803,23.2,533.0,295436.52
WHEAT,4.97,125,0.817,30.5,517.7,16708.7
WHEAT,3.71,50,0.625,23.6,757.4,9045.36
WHEAT,4.17,54,0.799,26.3,166.9,14534.37
WHEAT,1.93,91,0.824,17.6,748.4,6001.87
SUGARCANE,5.54,331,0.562,30.7,114.3,206497.86
RICE,3.65,21,0.83,19.1,163.0,15599.1
RICE,3.95,50,0.816,24.5,577.7,17014.57
RICE,8.12,30,0.144,23.3,449.2,13145.68
WHEAT,5.84,130,0.467,32.0,237.0,14372.36
WHEAT,9.14,34,0.433,22.6,334.5,22627.32
RICE,6.07,114,0.738,26.4,385.5,25425.63
COTTON,9.49,98,0.637,32.7,101.7,6528.5
MAIZE,6.94,29,0.837,34.2,197.8,39455.97
MAIZE,7.26,110,0.771,31.0,62.0,34852.82
COTTON,9.92,103,0.446,20.6,440.3,12399.12
COTTON,3.53,52,0.698,21.1,386.7,5785.45
RICE,3.09,107,0.558,21.7,73.5,7179.11
SUGARCANE,0.6,303,0.726,33.1,335.0,37447.81
PULSES,3.07,58,0.811,32.1,638.1,2559.43
MAIZE,1.76,54,0.533,24.8,250.0,8797.2
PULSES,1.31,50,0.615,15.5,146.4,609.79
WHEAT,1.21,105,0.764,19.7,115.5,2854.85
PULSES,0.63,53,0.548,18.1,519.6,470.44
COTTON,6.49,94,0.425,17.4,578.1,6798.59
PULSES,9.3,33,0.84,15.1,643.7,8065.12
RICE,7.31,59,0.756,24.5,198.0,33733.38
SUGARCANE,7.21,250,0.785,32.3,95.9,319918.49
RICE,1.26,35,0.826,26.5,192.0,5335.55
RICE,2.29,118,0.848,18.2,526.5,10169.01
SUGARCANE,4.42,337,0.735,31.5,601.6,341379.77
PULSES,8.96,42,0.682,16.2,420.4,8304.84
RICE,6.39,114,0.785,33.0,384.4,25038.96
PULSES,1.34,85,0.619,29.0,504.1,1009.11
SUGARCANE,2.99,173,0.798,24.6,424.8,236294.55
MAIZE,5.69,105,0.767,15.9,314.7,33680.12
COTTON,3.58,113,0.83,24.0,156.6,6055.0
COTTON,9.52,45,0.492,32.4,162.0,9580.0
COTTON,8.02,54,0.839,19.3,62.3,9237.43
MAIZE,3.7,12,0.682,31.6,690.4,23877.07
WHEAT,5.12,137,0.839,18.2,776.8,17228.98
RICE,1.14,51,0.546,17.8,439.1,3281.31
WHEAT,4.46,13,0.283,21.8,283.0,5776.44
SUGARCANE,1.66,76,0.718,22.5,566.4,123066.8
SUGARCANE,9.72,42,0.724,19.9,758.4,762531.76
MAIZE,6.52,70,0.533,26.5,298.3,30339.52
WHEAT,9.67,68,0.546,31.3,236.8,24911.9
RICE,3.48,22,0.68,21.4,446.9,15254.87
PULSES,3.03,67,0.689,30.4,583.9,2958.84
RICE,5.0,38,0.479,31.5,411.9,15433.79
MAIZE,9.59,72,0.275,25.7,668.1,23351.67
SUGARCANE,6.25,161,0.577,18.9,649.1,342385.97
COTTON,4.52,12,0.691,20.9,71.6,5295.77
COTTON,1.25,129,0.638,23.9,336.5,1448.55
COTTON,7.71,37,0.232,19.0,504.9,4526.43
SUGARCANE,1.72,18,0.824,26.1,326.6,129993.42
PULSES,4.06,13,0.555,22.9,295.0,3021.44
RICE,6.61,51,0.764,32.7,91.9,17680.97
WHEAT,5.22,27,0.67,18.3,585.4,17624.47
MAIZE,9.74,53,0.719,16.4,350.4,55322.4
COTTON,6.6,111,0.532,16.8,205.4,6884.98
MAIZE,2.66,17,0.534,16.0,682.2,11175.79
RICE,0.9,107,0.681,32.4,425.4,3306.41
PULSES,6.87,12,0.708,15.5,586.1,6069.1
RICE,0.88,85,0.696,24.8,312.0,3709.62
MAIZE,5.34,31,0.68,15.1,520.8,32109.09
MAIZE,5.78,75,0.817,30.1,242.2,36987.43
MAIZE,4.23,93,0.656,27.1,538.6,27950.96
COTTON,2.44,38,0.811,29.9,705.7,3905.28
SUGARCANE,7.49,162,0.562,32.7,663.4,351566.12
RICE,6.65,39,0.827,20.0,433.3,28703.77
WHEAT,8.38,95,0.839,22.8,295.5,30925.96
SUGARCANE,7.66,261,0.769,30.9,550.3,615643.8
RICE,6.36,10,0.549,32.1,760.1,18043.34
MAIZE,4.73,103,0.682,16.1,211.5,27227.42
COTTON,7.55,105,0.733,15.4,627.8,11658.56
MAIZE,1.85,68,0.357,31.0,203.5,4626.22
PULSES,9.55,13,0.624,18.5,134.4,4921.41
COTTON,8.76,79,0.791,24.6,598.6,13952.87
RICE,4.28,58,0.749,31.6,359.3,19722.58
SUGARCANE,9.03,346,0.804,20.6,261.2,693861.75
MAIZE,0.73,44,0.155,28.8,657.8,1838.87
RICE,8.8,116,0.534,29.1,644.0,28767.04
PULSES,0.95,56,0.723,31.4,458.4,928.58
MAIZE,7.4,79,0.797,21.9,180.5,48360.29
COTTON,9.84,84,0.785,32.8,556.8,13673.39
COTTON,1.32,74,0.48,22.2,399.9,1624.19
PULSES,2.06,15,0.834,34.7,158.8,1706.04
PULSES,8.4,30,0.538,34.5,644.2,5307.71
COTTON,1.28,117,0.638,25.9,439.7,1547.59
MAIZE,9.38,95,0.315,28.7,640.8,22487.64
MAIZE,7.45,57,0.729,28.1,344.6,49548.7
PULSES,4.38,23,0.779,18.1,570.5,4446.04
PULSES,0.51,74,0.519,33.3,571.2,306.08
COTTON,3.38,63,0.669,31.3,67.6,3720.85
RICE,2.47,115,0.417,20.1,763.3,7842.28
MAIZE,6.79,11,0.472,22.8,206.3,32359.05
SUGARCANE,9.24,335,0.41,24.8,73.6,355674.92
RICE,2.93,70,0.492,25.8,123.5,6686.98
SUGARCANE,8.87,360,0.655,15.8,415.6,639639.8
COTTON,2.9,33,0.795,29.3,741.7,4763.32
PULSES,3.71,87,0.11,21.2,632.9,1382.97
WHEAT,6.33,34,0.676,32.3,635.6,19764.24
COTTON,1.16,56,0.789,22.8,743.7,1943.42
RICE,2.91,25,0.518,33.0,270.0,7648.26
MAIZE,6.21,64,0.681,31.7,199.3,40929.63
RICE,4.18,105,0.617,30.4,82.9,9066.08
MAIZE,8.72,84,0.455,23.9,575.6,43579.02
RICE,2.06,26,0.627,26.3,378.6,6504.11
PULSES,4.58,77,0.488,25.9,364.0,3143.78
COTTON,5.79,118,0.667,32.6,548.5,8099.87
SUGARCANE,9.23,80,0.682,26.4,548.5,706879.42
SUGARCANE,4.05,144,0.844,28.1,486.6,299870.28
RICE,2.71,28,0.799,22.8,328.9,11936.16
RICE,1.57,95,0.756,21.1,658.6,6783.33
WHEAT,8.68,64,0.745,24.6,124.3,21147.68
PULSES,6.46,19,0.675,25.2,695.9,6119.11
SUGARCANE,9.9,47,0.699,30.1,679.8,751759.11
WHEAT,8.37,114,0.736,32.4,635.5,23860.17
PULSES,7.4,57,0.771,32.3,611.5,5995.03
SUGARCANE,9.52,270,0.555,30.1,168.0,538396.76
MAIZE,5.22,19,0.656,16.3,113.6,22554.83
WHEAT,7.84,20,0.729,24.3,655.1,28747.89
MAIZE,8.45,87,0.712,34.0,433.6,46864.53
PULSES,6.1,81,0.276,28.2,480.5,2189.26
RICE,7.07,53,0.773,16.3,521.8,29212.73
MAIZE,6.15,39,0.831,33.1,474.5,33978.85
MAIZE,2.32,52,0.732,20.3,367.9,15555.63
SUGARCANE,8.96,81,0.565,18.8,564.5,512428.47
SUGARCANE,3.55,246,0.685,29.5,707.1,277138.5
WHEAT,6.18,96,0.779,24.9,234.2,21719.54
MAIZE,9.36,68,0.679,27.1,239.4,64657.94
SUGARCANE,9.85,11,0.812,20.1,421.3,791423.69
SUGARCANE,6.04,151,0.734,20.3,786.2,471038.27
COTTON,6.16,131,0.713,17.8,142.2,6569.89
RICE,0.89,18,0.76,20.4,637.9,4082.72
PULSES,4.52,15,0.536,15.2,303.2,2965.38
MAIZE,3.2,40,0.774,26.4,250.1,21231.12
WHEAT,1.94,91,0.441,34.3,337.5,4239.05
RICE,9.57,21,0.773,34.5,657.2,34448.04
WHEAT,8.53,66,0.772,32.8,738.2,24958.93
RICE,2.77,49,0.822,32.0,384.6,11861.58
RICE,4.38,66,0.798,22.7,511.3,19041.05
SUGARCANE,7.77,115,0.518,30.8,443.0,427378.35
COTTON,5.32,109,0.546,22.5,577.6,6448.45
PULSES,6.99,31,0.45,21.3,353.8,4906.36
MAIZE,9.04,58,0.513,15.5,751.4,38053.33
PULSES,1.11,12,0.719,22.6,418.2,1123.53
COTTON,1.35,75,0.704,33.2,244.9,1828.64
WHEAT,8.61,60,0.635,22.3,620.5,21137.83
WHEAT,1.38,22,0.755,20.1,161.8,4683.52
COTTON,3.15,57,0.712,25.4,223.9,4985.58
RICE,5.94,110,0.629,33.8,182.0,16234.25
COTTON,9.0,70,0.842,27.1,107.8,10678.61
MAIZE,8.26,32,0.806,26.1,326.7,52765.62
SUGARCANE,9.36,135,0.478,18.4,254.3,540582.24
SUGARCANE,5.29,39,0.683,24.4,684.9,396817.85
SUGARCANE,8.43,303,0.511,24.1,582.7,482155.59
WHEAT,6.58,20,0.725,15.0,395.6,21468.38
PULSES,7.67,80,0.731,25.5,771.6,7929.9
MAIZE,7.97,83,0.58,30.0,442.6,37902.81
SUGARCANE,8.65,74,0.45,27.0,325.6,474636.54
SUGARCANE,9.09,205,0.725,21.3,199.0,666056.3
COTTON,7.86,47,0.768,30.2,154.9,13349.98
COTTON,2.82,14,0.362,20.1,349.4,1728.02
MAIZE,8.88,69,0.842,19.9,159.2,59428.65
RICE,3.31,16,0.832,32.7,704.1,11857.14
MAIZE,3.87,75,0.658,34.6,685.4,20772.27
MAIZE,2.34,74,0.848,17.9,583.3,13579.37
RICE,5.34,90,0.655,23.1,648.9,23402.7
SUGARCANE,3.6,198,0.753,17.5,378.8,249168.57
SUGARCANE,0.84,290,0.536,16.3,776.1,44168.93
COTTON,3.64,122,0.552,17.9,621.6,3811.82
SUGARCANE,4.15,211,0.659,15.2,149.7,199673.27
WHEAT,4.47,48,0.764,34.8,208.0,14030.95
WHEAT,8.66,77,0.589,19.4,736.4,21428.26
PULSES,5.19,20,0.595,21.9,595.9,3689.01
COTTON,9.58,76,0.76,33.0,606.6,13612.67
MAIZE,5.5,95,0.572,25.4,259.2,26647.76
WHEAT,2.65,15,0.704,33.8,275.4,8303.64
COTTON,0.99,86,0.462,31.5,466.3,1228.93
WHEAT,8.87,73,0.681,17.0,456.7,27715.17
PULSES,4.3,82,0.666,18.2,410.9,4439.37
RICE,7.86,17,0.813,18.1,404.9,32960.61
MAIZE,1.62,40,0.85,33.6,347.3,8828.3
COTTON,8.57,83,0.811,21.7,498.5,14272.64
RICE,1.46,20,0.402,25.8,419.5,4481.53
PULSES,6.66,16,0.686,17.7,787.8,5855.0
PULSES,9.22,55,0.421,18.3,282.3,6372.84
SUGARCANE,1.28,30,0.597,18.8,177.5,70897.71
COTTON,1.52,84,0.526,31.6,263.3,1744.65
SUGARCANE,8.6,90,0.568,16.9,504.9,441633.4
RICE,4.24,53,0.567,31.2,319.1,13580.04
MAIZE,6.71,61,0.836,30.9,685.3,45022.28
WHEAT,2.79,48,0.409,16.2,706.4,6201.68
COTTON,1.7,28,0.717,21.4,229.4,2799.84
COTTON,1.66,87,0.161,24.5,75.4,673.25
WHEAT,3.78,22,0.821,20.0,189.9,13302.43
PULSES,9.68,51,0.813,29.9,580.5,9735.0
SUGARCANE,8.75,104,0.807,34.1,361.9,571936.95
MAIZE,1.91,27,0.771,34.1,730.5,10951.67
COTTON,0.87,12,0.571,31.0,329.8,992.09
COTTON,7.83,138,0.68,28.6,693.3,13234.8
MAIZE,5.54,77,0.278,27.2,376.2,13894.08
RICE,4.82,102,0.708,34.9,392.3,17638.3
RICE,4.37,90,0.118,31.6,362.9,6966.51
SUGARCANE,5.93,171,0.453,20.3,718.6,343774.69
WHEAT,6.85,75,0.651,19.6,216.4,24887.22
WHEAT,4.27,120,0.665,31.1,451.4,15630.86
COTTON,0.66,88,0.559,24.9,485.1,794.7
SUGARCANE,3.23,69,0.622,22.8,594.3,175041.86
PULSES,2.4,64,0.779,33.9,65.5,1361.4
PULSES,7.44,31,0.561,23.3,729.5,5198.29
WHEAT,3.93,83,0.758,26.0,101.4,10151.05
RICE,8.6,10,0.119,30.4,618.8,13443.59
WHEAT,1.58,125,0.75,31.7,450.9,5567.6
COTTON,6.85,81,0.486,16.8,182.3,7624.82
SUGARCANE,9.48,19,0.28,34.4,624.9,236727.48
WHEAT,1.89,51,0.788,18.9,793.3,6823.99
MAIZE,0.78,59,0.504,31.1,631.9,3707.48
WHEAT,2.31,133,0.579,16.3,794.8,5176.81
PULSES,9.37,73,0.742,21.4,326.7,9647.32
RICE,4.8,10,0.653,28.3,329.4,20779.39
PULSES,8.46,50,0.42,31.9,496.0,6128.61
RICE,6.13,70,0.849,29.5,305.5,27309.01
RICE,7.97,91,0.712,31.4,270.1,36325.74
RICE,9.42,95,0.14,20.2,334.7,14549.06
MAIZE,8.57,19,0.205,25.0,604.0,20376.45
RICE,9.82,51,0.669,17.7,443.7,39274.31
RICE,3.94,22,0.323,21.4,142.8,4446.52
SUGARCANE,8.1,128,0.712,30.2,616.1,649457.14
RICE,8.21,80,0.352,25.9,729.7,13343.42
RICE,9.01,106,0.19,32.6,119.7,8434.5
PULSES,0.99,18,0.839,15.1,718.6,841.74
MAIZE,4.36,23,0.768,26.2,645.6,27573.19
WHEAT,2.26,36,0.404,19.4,581.1,5594.31
PULSES,5.34,62,0.755,20.5,646.0,5432.65
WHEAT,5.18,70,0.692,28.3,194.4,18284.26
MAIZE,1.79,85,0.766,20.4,512.3,12274.24
PULSES,4.49,87,0.846,23.1,193.4,4335.28
WHEAT,5.98,40,0.172,29.2,223.1,7463.04
RICE,7.45,97,0.843,20.5,134.5,21805.17
WHEAT,7.31,13,0.718,23.9,160.2,26111.93
RICE,8.75,51,0.21,25.4,256.3,14228.37
PULSES,1.89,59,0.824,32.2,546.7,1588.83
MAIZE,4.66,42,0.743,16.2,716.7,26461.33
COTTON,5.48,62,0.826,17.8,259.5,8077.7
RICE,5.0,107,0.767,22.0,533.2,21888.55
PULSES,8.71,71,0.178,24.6,378.6,3020.68
WHEAT,6.63,108,0.84,25.2,750.5,22427.02
PULSES,4.02,42,0.465,28.2,649.6,2965.72
RICE,1.1,23,0.707,31.2,618.3,4921.53
SUGARCANE,8.63,304,0.527,18.7,422.8,484649.03
WHEAT,9.61,93,0.585,23.4,306.0,24554.9
WHEAT,1.53,88,0.502,28.9,254.0,3799.09
COTTON,6.86,101,0.744,18.9,233.7,10804.89
MAIZE,3.89,107,0.717,19.6,768.1,24432.49
RICE,1.48,27,0.823,19.1,359.3,6834.97
RICE,1.47,80,0.677,29.8,213.9,6207.25
MAIZE,0.61,85,0.848,27.9,717.4,4184.26
RICE,3.74,40,0.422,20.0,498.7,12262.91
WHEAT,0.92,80,0.781,28.9,54.8,2344.42
WHEAT,8.06,94,0.751,19.6,481.8,26952.9
PULSES,3.82,55,0.534,18.3,604.2,2882.61
SUGARCANE,0.7,150,0.814,19.7,83.9,36520.34
WHEAT,2.38,85,0.782,19.5,150.9,8057.47
PULSES,2.44,90,0.583,31.7,373.9,1789.81
WHEAT,5.0,11,0.657,18.5,682.2,17459.83
RICE,7.76,37,0.733,23.7,574.8,33004.24
PULSES,5.44,81,0.527,33.0,493.8,3483.06
SUGARCANE,9.85,241,0.849,25.7,475.5,792854.67
COTTON,2.14,123,0.702,19.3,600.1,3626.98
RICE,2.36,47,0.757,33.5,706.0,8486.89
PULSES,1.7,16,0.79,34.0,134.9,999.31
PULSES,6.02,27,0.686,32.5,649.2,4934.36
RICE,5.33,87,0.665,25.8,112.7,16457.57
RICE,2.97,52,0.816,15.9,417.9,12158.61
WHEAT,8.13,66,0.421,18.0,381.8,20650.71
PULSES,5.69,51,0.786,34.9,303.3,4564.58
RICE,7.91,109,0.406,31.2,72.8,17403.89
PULSES,8.18,84,0.788,24.6,654.0,8048.78
SUGARCANE,6.65,39,0.58,27.1,589.4,390588.12
MAIZE,4.1,24,0.521,20.8,269.1,19009.45
SUGARCANE,8.22,317,0.53,20.7,441.7,472655.98
WHEAT,2.17,83,0.808,21.3,401.7,7643.86
COTTON,0.75,22,0.702,19.9,309.0,1217.88
MAIZE,7.38,45,0.731,26.3,226.9,46999.68
MAIZE,5.36,51,0.66,21.2,177.7,35647.78
PULSES,0.9,15,0.413,19.2,357.6,671.07
SUGARCANE,4.87,191,0.404,27.5,527.2,284681.42
SUGARCANE,2.26,43,0.81,33.6,698.9,144260.72
SUGARCANE,1.68,294,0.314,20.2,600.0,49213.96
PULSES,2.19,70,0.836,25.3,333.6,2225.31
SUGARCANE,6.65,214,0.681,16.3,572.5,466332.5
MAIZE,7.4,76,0.784,29.6,355.7,47172.57
WHEAT,8.85,43,0.795,25.6,210.4,30558.82
MAIZE,1.28,15,0.47,34.6,342.4,5146.51
MAIZE,7.7,15,0.808,29.4,326.8,51040.91
WHEAT,3.29,15,0.513,21.2,644.1,8728.2
SUGARCANE,5.97,281,0.834,30.4,598.1,453639.18
SUGARCANE,7.13,275,0.846,21.6,779.4,547125.95
PULSES,1.08,53,0.787,16.2,689.7,937.15
WHEAT,2.48,100,0.755,26.7,712.6,8399.78
PULSES,2.61,28,0.422,29.2,391.1,1872.9
RICE,5.67,87,0.17,16.8,559.1,8158.74
WHEAT,4.35,92,0.111,23.1,76.1,3732.67
RICE,9.22,88,0.519,34.2,793.6,24063.5
SUGARCANE,8.65,292,0.526,15.2,733.6,423260.64
RICE,9.97,13,0.717,23.3,462.3,45348.97
SUGARCANE,9.28,135,0.48,27.7,423.0,531594.24
SUGARCANE,1.64,222,0.356,28.6,343.8,46423.94
MAIZE,1.77,17,0.771,31.2,703.1,11844.72
SUGARCANE,3.22,286,0.696,25.6,307.2,236196.97
WHEAT,7.69,114,0.813,18.2,211.7,27344.81
WHEAT,1.2,125,0.718,16.5,241.4,3625.39
PULSES,8.64,47,0.757,33.8,82.1,5021.62
RICE,7.89,53,0.837,23.6,774.7,35562.23
SUGARCANE,7.09,69,0.502,31.9,754.1,414662.54
RICE,5.44,36,0.73,27.1,663.6,24564.89
COTTON,1.96,126,0.838,19.3,764.6,3320.54
MAIZE,9.03,55,0.736,26.0,377.2,57266.37
PULSES,8.55,64,0.555,17.9,208.1,5553.97
MAIZE,3.26,15,0.711,26.1,645.4,22559.84
WHEAT,3.75,70,0.783,26.0,720.3,12720.17
RICE,2.51,92,0.795,16.1,550.3,9891.43
PULSES,0.67,16,0.849,26.6,98.6,454.53
SUGARCANE,2.23,18,0.509,20.1,655.5,123666.85
SUGARCANE,7.21,329,0.222,27.5,656.1,209341.08
PULSES,3.32,80,0.582,29.9,556.9,2452.81
COTTON,1.35,143,0.757,22.3,338.1,2328.17
WHEAT,1.9,36,0.804,32.7,477.1,5850.97
WHEAT,9.56,58,0.818,31.1,217.3,34595.21
COTTON,4.34,24,0.79,34.8,404.7,6024.76
RICE,4.84,63,0.109,23.8,612.0,7596.48
PULSES,2.67,87,0.784,27.0,321.4,2575.62
SUGARCANE,1.82,297,0.601,34.6,671.0,90073.46
COTTON,8.93,40,0.362,26.3,375.6,5106.14
WHEAT,4.36,101,0.679,28.2,120.1,10797.41
SUGARCANE,4.09,218,0.622,19.3,471.3,236111.43
RICE,6.88,97,0.584,31.1,285.3,21656.81
RICE,2.89,34,0.496,18.0,490.7,9500.6
SUGARCANE,3.08,30,0.6,18.3,614.2,163872.87
PULSES,8.6,65,0.618,22.8,798.8,5954.71
COTTON,5.29,29,0.689,27.2,667.7,9010.71
RICE,0.96,18,0.661,28.0,110.1,2995.2
RICE,8.65,51,0.732,18.5,522.2,36902.59
SUGARCANE,9.52,338,0.679,29.6,215.4,716898.48
RICE,9.01,66,0.706,18.2,585.7,39441.92
WHEAT,7.4,115,0.543,21.9,466.6,18171.22
COTTON,7.39,131,0.368,34.6,474.1,3931.9
RICE,7.81,43,0.837,28.5,247.1,35980.13
WHEAT,2.43,69,0.677,33.6,318.4,7583.64
WHEAT,3.78,112,0.759,16.6,58.0,8675.54
WHEAT,6.94,30,0.4,17.3,612.8,15570.79
SUGARCANE,9.81,172,0.749,26.5,308.7,726761.43
WHEAT,4.75,85,0.769,29.5,176.5,16851.76
RICE,1.84,60,0.659,31.3,373.4,7921.74
RICE,2.75,36,0.6,23.0,450.6,9176.36
COTTON,7.54,137,0.441,18.7,60.5,6119.19
RICE,8.84,115,0.815,17.0,195.0,35074.4
COTTON,2.13,149,0.816,30.7,565.1,3492.69
COTTON,8.73,69,0.529,32.5,686.1,8617.17
PULSES,9.96,62,0.696,30.0,769.8,9389.98
PULSES,6.09,64,0.835,17.4,408.7,5188.03
COTTON,2.74,113,0.812,32.2,61.6,2761.16
COTTON,5.64,31,0.441,19.5,312.0,6885.68
RICE,9.93,96,0.488,30.5,454.3,31608.48
RICE,7.02,61,0.796,25.5,627.6,29881.71
SUGARCANE,1.82,300,0.741,26.9,79.6,98987.09
PULSES,3.05,65,0.53,30.7,701.1,2295.5
WHEAT,8.98,19,0.592,34.0,568.8,19012.49
SUGARCANE,4.61,316,0.46,34.4,536.3,215006.4
SUGARCANE,3.71,322,0.776,27.9,262.7,284294.89
SUGARCANE,5.32,28,0.506,22.1,184.3,309693.68
COTTON,4.75,132,0.804,28.1,69.7,5549.66
MAIZE,4.11,19,0.118,27.6,780.0,9858.97
SUGARCANE,5.18,287,0.775,33.3,429.4,346440.17
WHEAT,8.45,43,0.765,24.9,612.3,30608.15
SUGARCANE,3.52,278,0.779,28.6,644.3,267480.73
PULSES,3.06,13,0.608,30.1,342.6,2253.36
MAIZE,7.01,82,0.785,18.4,724.8,44766.55
PULSES,3.75,57,0.687,25.5,395.5,3673.17
WHEAT,3.85,85,0.699,34.0,562.6,11794.92
MAIZE,8.0,38,0.447,34.2,742.8,34058.33
MAIZE,4.35,43,0.786,21.6,449.8,28244.58
COTTON,2.19,97,0.844,18.4,759.5,3512.92
PULSES,2.61,77,0.565,17.0,695.3,1765.63
RICE,5.82,60,0.655,27.9,439.2,26776.39
SUGARCANE,3.58,322,0.748,28.6,668.6,268057.48
WHEAT,3.41,40,0.615,31.5,105.9,6313.84
COTTON,6.19,52,0.754,29.1,486.5,9977.7
RICE,1.32,56,0.712,21.5,390.3,5707.39
MAIZE,2.42,37,0.488,32.7,663.2,9849.76
SUGARCANE,1.43,228,0.713,15.3,515.6,103585.51
WHEAT,7.12,37,0.804,16.7,632.3,21828.33
COTTON,6.35,41,0.526,26.2,503.8,7875.2
COTTON,0.56,102,0.819,25.5,692.3,909.98
WHEAT,8.96,94,0.833,30.5,362.1,32975.96
SUGARCANE,5.31,240,0.706,32.3,153.7,354702.35
SUGARCANE,3.7,352,0.776,29.7,366.5,281017.09
MAIZE,7.98,88,0.75,21.1,510.8,50659.55
RICE,8.22,64,0.107,33.7,54.7,7465.0
WHEAT,8.12,105,0.541,32.6,104.6,12042.38
PULSES,8.84,24,0.608,16.4,54.2,3945.64
RICE,5.46,91,0.533,18.6,125.3,11989.78
SUGARCANE,5.49,206,0.774,29.3,158.1,442306.43
PULSES,9.91,38,0.83,30.8,589.5,9607.49
COTTON,1.92,11,0.819,34.7,577.8,2805.69
MAIZE,2.49,18,0.811,18.5,457.5,16953.9
PULSES,1.77,18,0.771,32.6,533.9,1508.36
SUGARCANE,1.38,203,0.613,25.4,361.5,77199.15
WHEAT,7.32,128,0.757,30.3,353.0,26297.62
PULSES,4.83,33,0.515,21.4,610.1,3430.02
PULSES,3.02,27,0.823,33.8,294.1,2571.47
SUGARCANE,8.26,352,0.492,28.2,230.8,444161.67
RICE,5.72,33,0.63,27.9,181.7,18225.6
WHEAT,2.38,65,0.29,34.3,767.5,2699.77
MAIZE,2.23,29,0.763,27.3,605.7,15279.58
RICE,7.46,112,0.821,16.5,277.4,29698.57
WHEAT,2.75,52,0.723,34.3,642.0,8520.67
SUGARCANE,2.43,294,0.177,17.4,593.6,61009.59
PULSES,8.88,38,0.729,19.9,64.7,6050.84
MAIZE,5.99,109,0.793,17.3,720.0,35949.24
SUGARCANE,4.67,105,0.738,18.2,298.3,365585.1
SUGARCANE,4.95,279,0.308,19.3,580.9,143000.55
WHEAT,6.01,72,0.656,28.5,779.1,20382.44
MAIZE,4.27,102,0.532,18.5,712.5,20014.98
SUGARCANE,5.14,361,0.524,25.1,476.7,283502.62
WHEAT,7.09,105,0.486,19.7,451.2,18920.53
RICE,2.42,45,0.169,22.8,111.5,2730.1
SUGARCANE,3.55,245,0.817,18.3,207.5,279581.23
RICE,0.72,29,0.44,33.5,756.4,2007.22
PULSES,0.73,48,0.705,32.4,433.5,587.06
WHEAT,9.16,116,0.124,28.7,424.9,11852.25
RICE,1.88,16,0.576,17.3,168.1,5612.96
PULSES,9.62,62,0.782,16.1,504.4,8782.29
RICE,1.6,58,0.676,18.6,140.7,5037.24
COTTON,1.79,97,0.622,30.2,749.3,2083.12
SUGARCANE,7.59,119,0.764,23.6,303.0,586542.62
PULSES,2.2,48,0.425,30.3,261.5,1520.71
MAIZE,0.72,81,0.55,17.8,302.9,2957.6
PULSES,3.6,27,0.707,17.6,680.0,3236.92
PULSES,8.55,54,0.602,16.3,606.6,5626.36
WHEAT,7.3,98,0.789,24.9,62.8,17262.62
COTTON,1.63,80,0.837,26.0,454.7,2659.21
WHEAT,2.51,16,0.665,29.9,167.1,8517.88
COTTON,9.34,118,0.773,24.6,468.1,15068.77
WHEAT,6.19,25,0.794,16.7,369.6,19788.0
COTTON,2.67,42,0.527,33.9,130.3,1871.96
WHEAT,8.36,11,0.792,20.7,237.3,28322.78
SUGARCANE,3.95,217,0.264,30.4,388.6,109750.47
MAIZE,6.42,57,0.785,35.0,329.0,35746.69
WHEAT,9.48,74,0.671,31.7,238.3,33149.98
RICE,0.92,17,0.591,25.3,79.0,1963.25
PULSES,8.03,80,0.74,20.5,757.4,7940.94
COTTON,5.4,149,0.669,29.5,324.7,8560.2
SUGARCANE,0.79,65,0.304,24.3,196.6,21107.9
COTTON,1.47,23,0.696,16.6,85.8,1584.64
MAIZE,9.71,45,0.69,23.0,135.7,43498.93
RICE,5.87,33,0.822,28.5,385.1,26353.36
SUGARCANE,2.91,25,0.762,21.7,799.8,230873.96
WHEAT,6.27,50,0.621,23.8,240.7,15950.84
COTTON,4.65,48,0.767,25.5,673.0,7825.55
COTTON,0.68,24,0.217,23.5,283.0,401.08
SUGARCANE,0.74,44,0.412,26.8,549.9,39883.2
MAIZE,0.85,105,0.541,25.9,756.1,3903.72
PULSES,5.85,90,0.538,21.3,550.8,4299.5
MAIZE,7.95,15,0.772,15.8,492.2,47915.21
SUGARCANE,8.31,212,0.527,24.9,217.8,445122.36
COTTON,6.11,40,0.492,26.1,269.5,7266.66
COTTON,9.58,48,0.707,16.0,409.9,13893.65
WHEAT,8.39,92,0.692,28.8,436.5,29801.47
MAIZE,6.04,24,0.229,15.3,583.6,13582.7
WHEAT,8.89,45,0.743,25.3,664.9,31419.69
WHEAT,1.5,115,0.682,28.3,70.6,3808.08
PULSES,2.97,79,0.332,19.7,563.3,1096.03
SUGARCANE,5.37,268,0.587,24.0,160.0,289050.76
COTTON,9.64,147,0.768,20.8,546.1,15159.27
RICE,9.72,61,0.473,17.8,618.4,27857.25
MAIZE,5.46,104,0.266,23.8,430.1,13022.32
RICE,5.62,17,0.462,15.9,405.7,16142.34
RICE,8.37,33,0.491,16.7,496.8,23120.9
PULSES,6.85,30,0.75,31.3,252.8,6554.56
PULSES,4.52,74,0.795,22.8,757.5,4551.0
COTTON,6.81,22,0.768,19.6,138.4,8183.89
RICE,8.01,64,0.735,24.9,463.9,34356.24
COTTON,3.2,67,0.725,17.1,748.3,4790.51
PULSES,6.87,60,0.778,32.7,744.7,5897.89
MAIZE,8.43,58,0.7,20.3,508.9,52998.65
COTTON,5.36,48,0.652,26.2,126.7,5969.38
MAIZE,6.01,41,0.498,25.9,143.8,20198.71
SUGARCANE,9.62,123,0.73,28.9,221.0,706746.55
COTTON,1.81,76,0.68,34.8,445.4,2564.4
RICE,4.54,89,0.421,16.5,799.0,12569.12
PULSES,2.86,86,0.439,31.4,203.4,2040.13
WHEAT,2.53,114,0.482,34.6,82.8,3759.09
SUGARCANE,5.35,215,0.816,15.4,174.2,385823.56
MAIZE,7.63,73,0.675,16.9,288.4,43199.15
WHEAT,7.12,80,0.763,23.0,97.4,17992.11
COTTON,9.02,26,0.43,20.2,453.7,11097.86
PULSES,0.9,79,0.312,32.3,396.3,276.81
RICE,3.08,66,0.753,34.9,640.5,11910.55
SUGARCANE,2.25,211,0.627,25.9,512.4,126483.89
WHEAT,7.14,111,0.532,21.2,430.0,18401.27
PULSES,8.98,21,0.768,34.6,652.7,7216.09
RICE,6.33,102,0.686,31.9,635.8,29229.79
WHEAT,7.12,107,0.411,17.3,405.9,16277.32
PULSES,1.09,86,0.804,31.2,205.4,1059.07
COTTON,9.77,42,0.766,21.6,499.6,15925.41
RICE,0.97,86,0.537,31.1,274.0,3250.28
MAIZE,2.2,47,0.39,28.6,255.5,5492.8
SUGARCANE,6.33,230,0.66,30.8,246.6,463739.18
MAIZE,3.49,56,0.739,25.8,71.9,16044.18
MAIZE,7.8,38,0.751,27.2,368.9,50154.48
MAIZE,2.95,61,0.588,32.1,188.2,11938.19
PULSES,3.25,23,0.717,27.2,221.7,3073.9
PULSES,9.35,64,0.687,18.5,270.6,9685.33
COTTON,4.57,132,0.514,23.0,622.9,5546.12
COTTON,0.76,30,0.792,17.0,329.4,1181.92
SUGARCANE,8.25,138,0.753,22.8,95.0,456258.47
SUGARCANE,0.64,252,0.846,24.6,420.9,49569.91
WHEAT,8.81,54,0.826,22.2,748.0,32243.17
MAIZE,4.74,101,0.703,18.3,659.0,29958.0
PULSES,1.55,31,0.756,19.6,619.8,1531.23
WHEAT,4.59,108,0.528,24.2,312.8,12125.24
WHEAT,4.0,77,0.151,17.6,553.8,4697.73
WHEAT,5.28,74,0.8,34.0,85.4,11252.86
COTTON,2.92,104,0.743,29.8,702.4,4984.47
RICE,1.56,34,0.793,23.9,627.3,6942.78
PULSES,7.44,72,0.549,31.3,113.7,3726.66
COTTON,7.76,72,0.555,28.6,174.8,9004.44
WHEAT,8.74,107,0.597,33.0,315.2,18091.32
SUGARCANE,1.08,44,0.493,19.9,81.3,41611.85
PULSES,2.35,59,0.59,19.6,589.4,1692.51
WHEAT,3.03,68,0.696,21.1,76.8,7780.11
PULSES,7.98,23,0.793,22.9,405.6,7731.61
RICE,8.5,54,0.181,20.1,552.5,13408.87
MAIZE,4.56,78,0.757,22.2,99.5,21283.7
WHEAT,4.78,37,0.787,30.1,650.3,17110.82
WHEAT,6.61,41,0.741,25.0,545.8,24137.7
PULSES,4.17,89,0.735,26.7,435.9,3985.88
PULSES,6.19,49,0.191,26.6,149.6,1556.66
MAIZE,8.48,97,0.725,15.7,117.2,36066.94
SUGARCANE,5.63,205,0.442,17.6,202.8,285362.21
WHEAT,6.13,51,0.698,30.8,163.2,20741.96
PULSES,6.77,73,0.834,18.1,711.2,6507.99
WHEAT,5.41,22,0.534,19.2,159.3,13219.14
RICE,0.64,39,0.65,16.3,441.5,2524.59
COTTON,1.59,17,0.776,28.4,468.6,2702.74
COTTON,7.29,41,0.667,20.9,329.5,12385.58
MAIZE,1.09,102,0.761,33.6,537.4,6201.21
RICE,6.1,106,0.747,23.4,613.3,27796.08
PULSES,1.81,50,0.823,26.8,674.0,1843.88
RICE,0.53,103,0.404,31.7,353.2,1642.13
MAIZE,8.27,45,0.376,26.8,378.2,19003.53
RICE,9.08,15,0.844,28.4,366.6,38322.07
RICE,9.1,60,0.187,16.7,117.7,9485.34
WHEAT,9.87,10,0.53,17.0,510.6,23701.03
SUGARCANE,3.05,326,0.755,15.3,629.8,216864.9
COTTON,4.49,61,0.678,25.7,475.6,7498.76
WHEAT,4.19,127,0.527,25.8,468.5,10747.89
PULSES,5.87,70,0.786,27.8,636.2,5562.95
RICE,4.02,85,0.723,31.9,477.0,18389.85
RICE,7.09,40,0.839,17.7,710.9,28817.62
MAIZE,4.82,90,0.762,32.5,335.1,26506.77
RICE,5.76,10,0.635,26.4,750.9,19244.38
COTTON,3.93,140,0.841,24.2,392.7,6618.12
PULSES,7.61,72,0.77,30.7,122.4,5364.95
PULSES,5.74,45,0.793,23.1,153.3,5549.78
WHEAT,1.84,132,0.768,24.0,658.4,6723.98
MAIZE,7.35,56,0.676,31.5,310.0,47508.99
COTTON,8.42,21,0.806,17.5,683.7,12055.49
MAIZE,5.22,10,0.404,29.7,97.5,17362.58
PULSES,9.04,62,0.661,18.4,670.5,8751.32
COTTON,9.92,138,0.762,21.6,590.8,16838.66
RICE,1.05,72,0.839,31.3,187.1,4707.25
PULSES,4.8,21,0.734,22.8,750.5,4953.58
MAIZE,0.56,18,0.72,26.2,573.5,3861.87
RICE,1.6,57,0.277,31.9,714.4,2459.96
PULSES,1.32,33,0.8,15.9,322.0,1228.69
COTTON,1.01,44,0.657,16.4,372.6,1471.94
RICE,0.54,71,0.79,34.8,115.0,1414.31
MAIZE,5.84,51,0.454,27.9,648.1,28093.4
COTTON,6.13,64,0.499,17.6,242.8,6922.65
RICE,4.43,103,0.775,29.4,744.3,20422.56
WHEAT,8.15,31,0.804,30.5,76.6,19744.81
WHEAT,3.84,113,0.687,24.4,272.6,14153.2
PULSES,3.92,42,0.826,19.8,703.5,3745.51
SUGARCANE,1.07,149,0.226,29.9,385.9,30224.5
WHEAT,9.9,74,0.623,25.1,460.4,26529.27
MAIZE,8.1,58,0.331,27.6,687.4,19257.05
WHEAT,5.63,94,0.739,23.9,257.5,18926.05
MAIZE,4.77,52,0.723,22.9,204.5,30483.3
RICE,6.14,79,0.362,21.5,81.9,6965.47
MAIZE,7.44,95,0.129,19.7,763.3,18743.05
COTTON,7.9,109,0.847,15.4,296.4,11490.92
COTTON,6.98,23,0.443,27.7,354.6,8477.33
WHEAT,3.49,78,0.42,18.5,50.5,5993.09
WHEAT,2.23,90,0.616,22.1,771.5,5429.4
COTTON,7.72,22,0.672,19.3,589.6,12334.32
MAIZE,9.68,93,0.541,23.8,717.9,45719.57
COTTON,3.18,136,0.739,18.8,146.9,3707.78
RICE,9.34,100,0.562,27.9,735.1,30385.42
RICE,0.96,60,0.786,19.3,278.0,4317.51
WHEAT,7.06,40,0.72,33.8,708.7,20972.29
SUGARCANE,6.31,155,0.759,27.5,732.4,507997.09
PULSES,3.7,88,0.442,25.9,309.6,2730.61
MAIZE,7.02,53,0.722,16.4,94.5,30542.82
SUGARCANE,9.44,16,0.495,23.6,735.5,545781.04
RICE,1.2,59,0.515,15.9,571.6,3366.71
COTTON,5.26,42,0.63,28.2,477.7,6178.8
SUGARCANE,7.14,201,0.405,22.9,393.9,410186.37
WHEAT,3.67,12,0.777,31.6,104.7,8782.91
COTTON,3.47,43,0.444,17.1,452.9,3629.09
RICE,6.46,94,0.304,18.0,642.0,10137.25
RICE,1.16,104,0.537,27.9,719.3,3837.81
RICE,3.88,10,0.63,26.1,360.5,12109.67
RICE,1.94,24,0.729,19.4,152.1,8900.93
MAIZE,9.02,52,0.368,24.1,615.7,22721.79
SUGARCANE,8.0,288,0.821,32.2,115.8,369944.0
SUGARCANE,7.83,169,0.659,34.1,230.2,521238.67
WHEAT,8.07,46,0.721,18.7,241.9,29779.29
RICE,7.1,26,0.739,16.8,308.2,27165.97
PULSES,7.64,10,0.736,34.1,124.2,4633.22
PULSES,6.77,18,0.832,30.7,441.7,6977.0
PULSES,0.54,56,0.737,30.5,427.3,519.17
MAIZE,3.66,80,0.768,21.3,612.2,24615.61
COTTON,2.09,34,0.753,29.2,612.8,3542.69
WHEAT,5.05,65,0.846,27.2,165.9,18502.35
COTTON,9.04,140,0.842,21.2,90.1,10019.35
SUGARCANE,1.81,254,0.661,26.0,511.3,139880.85
PULSES,9.3,39,0.839,16.2,116.5,5672.07
MAIZE,6.72,103,0.8,25.5,132.3,30802.56
MAIZE,5.98,100,0.652,17.5,520.5,33791.48
RICE,6.52,16,0.793,18.0,689.3,27628.22
COTTON,5.23,42,0.425,22.5,195.5,6526.11
WHEAT,5.28,116,0.659,20.1,197.8,18924.2
RICE,3.77,111,0.837,23.8,394.7,16418.61
SUGARCANE,1.41,285,0.804,28.7,538.8,113897.19
RICE,4.45,114,0.578,24.4,333.6,14393.96
WHEAT,6.03,65,0.807,20.3,681.6,21738.99
MAIZE,1.14,59,0.68,16.6,701.5,7068.8
COTTON,5.13,138,0.731,32.7,776.6,7135.6
COTTON,4.87,20,0.79,33.6,113.1,4786.93
COTTON,3.94,25,0.707,30.3,241.1,6602.43
COTTON,9.67,110,0.299,27.1,191.4,5642.28
COTTON,3.77,87,0.49,24.1,147.1,3061.96
WHEAT,4.62,40,0.844,20.1,639.4,16531.49
PULSES,3.76,81,0.464,18.0,559.4,2801.99
PULSES,8.92,15,0.749,34.7,762.8,7594.53
PULSES,6.42,62,0.698,21.2,665.5,6091.8
SUGARCANE,5.92,204,0.69,21.8,229.6,439155.25
MAIZE,9.5,33,0.56,22.3,226.9,44439.58
WHEAT,9.52,18,0.458,16.6,675.8,22698.13
SUGARCANE,5.25,24,0.794,22.4,400.2,413457.37
PULSES,5.86,44,0.809,23.0,584.1,5929.35
MAIZE,7.36,91,0.69,34.3,377.4,41555.17
MAIZE,4.23,103,0.751,34.2,97.7,16127.2
MAIZE,1.7,32,0.724,25.7,731.2,11301.55
SUGARCANE,9.21,166,0.813,18.7,349.3,683823.94
MAIZE,5.97,60,0.739,17.3,742.0,33736.75
MAIZE,1.8,57,0.541,17.4,186.2,7482.49
MAIZE,1.0,95,0.289,26.7,235.9,2495.34
COTTON,8.26,87,0.613,19.3,657.2,9865.22
COTTON,2.59,127,0.842,28.6,63.6,3001.67
PULSES,7.44,73,0.338,33.4,156.6,2190.18
MAIZE,7.43,67,0.837,20.6,167.3,48364.94
PULSES,3.15,32,0.831,31.0,244.8,3225.82
PULSES,8.96,73,0.749,27.9,172.7,9001.77
PULSES,0.74,77,0.718,29.8,160.7,762.27
COTTON,4.8,120,0.715,18.8,401.0,7612.29
RICE,6.63,15,0.282,22.1,164.4,10543.64
SUGARCANE,1.1,198,0.754,34.7,77.3,52517.06
COTTON,8.64,55,0.416,18.7,397.3,10727.44
WHEAT,1.64,16,0.454,26.5,643.8,4311.44
WHEAT,7.75,32,0.683,15.7,141.2,16976.87
MAIZE,3.84,29,0.728,33.1,70.1,15298.15
SUGARCANE,7.4,258,0.483,29.4,774.8,408277.19
PULSES,6.99,40,0.68,28.9,661.0,6731.07
SUGARCANE,2.31,277,0.442,20.7,689.6,131833.23
WHEAT,7.93,67,0.735,16.7,312.5,23953.45
COTTON,1.37,22,0.742,25.2,341.8,2260.01
RICE,7.76,113,0.821,22.6,124.0,23880.23
WHEAT,4.27,100,0.629,34.6,216.7,9721.48
PULSES,5.82,33,0.631,24.9,645.3,4244.99
PULSES,7.74,78,0.587,24.6,293.2,5714.21
WHEAT,1.88,65,0.385,17.8,171.0,2211.69
RICE,6.53,106,0.461,18.1,470.2,21251.97
PULSES,5.88,90,0.443,34.2,353.8,3554.31
SUGARCANE,9.93,182,0.781,33.0,231.7,675726.04
PULSES,5.05,41,0.78,25.6,253.7,5091.33
COTTON,3.12,70,0.784,19.6,469.2,5047.56
RICE,6.71,51,0.828,16.4,631.1,25706.73
PULSES,1.04,46,0.455,31.6,405.1,738.72
RICE,3.48,45,0.411,21.4,476.5,11469.28
PULSES,6.77,57,0.845,20.4,108.1,4816.61
PULSES,3.75,64,0.764,28.4,482.2,3666.46
WHEAT,6.11,125,0.722,18.7,407.9,20432.98
WHEAT,0.67,53,0.682,15.3,517.1,2154.83
RICE,1.79,94,0.711,33.8,478.7,6863.24
COTTON,9.11,113,0.763,24.1,77.3,11000.69
COTTON,2.55,52,0.829,19.6,648.4,4411.6
WHEAT,1.75,109,0.407,34.2,571.6,3984.63
SUGARCANE,6.41,342,0.72,31.8,752.0,515321.86
PULSES,5.93,49,0.771,27.6,336.7,5758.43
RICE,9.56,96,0.539,21.7,224.9,29505.16
WHEAT,1.65,27,0.655,22.0,655.7,5675.74
MAIZE,5.85,68,0.468,15.1,87.5,17054.04
SUGARCANE,4.91,166,0.783,23.7,350.7,380807.07
SUGARCANE,4.78,168,0.421,31.3,339.2,263599.45
PULSES,9.91,42,0.408,23.1,314.8,7277.21
COTTON,2.39,108,0.264,27.3,772.2,1425.59
RICE,8.89,82,0.433,28.9,217.1,27611.31
PULSES,4.02,69,0.443,22.0,171.1,2796.31
COTTON,6.91,119,0.847,32.1,510.6,10094.59
SUGARCANE,8.57,301,0.547,22.0,261.3,487476.78
WHEAT,3.34,94,0.61,33.8,269.1,7065.36
PULSES,2.95,19,0.473,17.4,477.0,1931.38
WHEAT,7.65,72,0.627,20.2,483.7,19163.12
SUGARCANE,8.87,219,0.755,28.5,543.0,687180.64
WHEAT,2.63,94,0.676,29.5,592.7,8997.02
SUGARCANE,6.86,282,0.612,26.7,750.3,368784.34
WHEAT,1.48,12,0.32,23.9,95.9,1282.76
COTTON,7.74,132,0.83,25.4,194.5,12937.4
COTTON,4.02,130,0.432,30.6,78.0,3211.39
MAIZE,3.14,65,0.492,16.3,592.7,13189.66
RICE,8.32,28,0.61,17.1,634.1,23252.43
COTTON,3.67,110,0.527,26.9,192.7,4440.27
PULSES,6.94,70,0.261,23.6,654.6,2604.01
SUGARCANE,2.57,45,0.722,21.0,244.5,194471.57
COTTON,2.6,28,0.758,22.4,713.8,4202.75
WHEAT,2.31,114,0.784,17.7,693.5,7094.81
COTTON,3.28,77,0.781,15.4,224.0,4846.82
SUGARCANE,4.45,364,0.558,30.6,455.2,237438.27
SUGARCANE,8.02,343,0.792,17.8,695.3,549196.0
SUGARCANE,9.61,88,0.557,27.9,779.2,534831.71
MAIZE,1.11,43,0.658,19.2,288.9,7073.37
SUGARCANE,8.04,197,0.147,31.3,507.1,220174.81
COTTON,3.71,124,0.575,30.1,619.1,4317.98
WHEAT,5.44,49,0.456,17.7,150.8,12410.02
RICE,2.55,11,0.694,20.1,401.3,10734.98
PULSES,1.67,64,0.488,31.3,378.2,1193.61
COTTON,6.29,98,0.476,33.0,92.5,4391.36
MAIZE,2.5,20,0.15,19.6,486.3,6161.75
COTTON,2.12,17,0.793,34.0,148.9,2003.69
MAIZE,4.86,84,0.591,33.3,62.3,13816.62
WHEAT,9.6,43,0.826,16.2,660.7,31088.61
MAIZE,6.78,79,0.805,17.0,738.0,40845.86
PULSES,5.2,43,0.774,31.6,751.8,4984.74
MAIZE,0.98,56,0.455,32.4,380.5,4113.8
COTTON,6.47,96,0.836,18.6,287.5,10184.54
SUGARCANE,7.93,185,0.802,20.6,241.0,611045.56
PULSES,1.9,41,0.775,24.0,627.1,1801.3
WHEAT,1.45,31,0.659,25.6,774.5,4870.22
PULSES,3.79,80,0.834,27.3,552.2,3898.75
RICE,4.82,16,0.516,28.9,648.5,16091.14
SUGARCANE,1.93,63,0.774,20.0,316.2,150069.02
PULSES,8.91,24,0.685,17.8,419.2,7849.74
MAIZE,2.87,81,0.683,22.2,266.9,18268.31
COTTON,2.17,92,0.463,32.6,336.9,2314.8
WHEAT,7.53,10,0.596,19.0,267.4,18895.2
RICE,3.39,117,0.752,26.6,297.9,14574.37
RICE,8.14,11,0.547,22.6,430.6,25655.62
SUGARCANE,7.78,170,0.786,24.9,517.9,623248.47
COTTON,4.56,63,0.826,29.8,360.6,7349.45
COTTON,9.25,131,0.684,33.2,475.4,12347.22
RICE,8.92,54,0.678,27.1,70.8,27113.38
PULSES,9.31,29,0.673,21.5,698.5,9612.25
COTTON,2.57,48,0.713,28.3,486.2,4127.11
WHEAT,4.9,49,0.441,27.4,272.5,12875.09
WHEAT,0.91,106,0.783,27.5,70.3,2280.09
MAIZE,1.42,36,0.454,25.8,688.5,6504.92
SUGARCANE,5.58,124,0.438,31.4,112.8,226402.78
RICE,9.52,32,0.489,20.9,547.1,31632.1
PULSES,4.04,29,0.53,25.7,793.6,2850.03
RICE,1.49,84,0.715,26.1,93.9,4501.69
MAIZE,7.63,96,0.809,18.6,746.1,52450.71
COTTON,4.7,144,0.816,25.4,632.0,8111.55
PULSES,4.32,61,0.586,17.4,376.5,2695.59
MAIZE,6.76,24,0.572,23.7,158.6,31069.3
WHEAT,0.66,26,0.683,20.1,212.7,2432.99
MAIZE,7.46,75,0.265,32.2,699.4,14594.52
SUGARCANE,4.74,218,0.769,27.3,481.5,365959.82
PULSES,2.03,35,0.76,16.1,706.4,1794.67
RICE,7.51,105,0.65,15.1,752.2,30477.13
SUGARCANE,3.7,288,0.825,15.1,523.9,251964.81
WHEAT,3.07,70,0.65,22.1,566.8,11265.57
SUGARCANE,2.12,299,0.415,24.0,450.5,117915.03
COTTON,7.68,72,0.443,26.1,717.2,9568.06
SUGARCANE,6.29,207,0.612,19.1,660.9,348982.1
PULSES,1.29,53,0.612,34.3,734.8,809.22
COTTON,2.18,126,0.737,21.1,632.7,3417.45
RICE,2.3,94,0.681,33.0,587.7,8302.96
PULSES,5.64,75,0.454,33.0,395.8,3486.23
RICE,5.52,51,0.583,33.8,64.8,10985.84
COTTON,5.18,34,0.501,27.6,327.7,6266.97
RICE,6.53,78,0.821,31.3,235.5,27511.06
WHEAT,4.94,123,0.134,33.4,571.1,5295.36
SUGARCANE,4.48,283,0.53,21.0,545.6,242806.56
PULSES,0.66,29,0.49,28.9,666.5,476.81
WHEAT,6.31,100,0.669,21.5,203.1,22470.5
SUGARCANE,5.87,93,0.695,20.5,376.4,458157.94
COTTON,7.51,44,0.772,23.9,520.6,11948.78
SUGARCANE,4.41,312,0.188,30.3,480.6,122200.22
RICE,5.84,80,0.51,28.7,423.5,18798.54
PULSES,6.37,83,0.705,34.1,195.2,5418.39
SUGARCANE,8.55,67,0.699,31.8,439.2,666902.87
WHEAT,4.29,37,0.185,26.7,71.0,3763.13
RICE,8.03,31,0.524,22.9,57.4,18823.34
RICE,8.44,14,0.678,24.2,347.5,36355.69
SUGARCANE,9.07,19,0.443,25.7,239.5,508940.08
WHEAT,0.51,58,0.593,21.6,278.8,1346.7
SUGARCANE,2.75,314,0.463,32.1,796.1,131598.12
COTTON,9.85,70,0.835,23.9,327.9,15460.56
RICE,2.52,96,0.728,28.6,126.4,8063.22
SUGARCANE,3.88,114,0.844,22.1,269.6,300491.56
SUGARCANE,2.32,234,0.293,32.9,270.6,54933.43
RICE,5.28,71,0.365,28.1,448.1,8162.45
PULSES,8.13,13,0.8,23.6,716.4,7745.16
WHEAT,3.08,85,0.844,17.6,496.5,9311.78
COTTON,3.11,97,0.262,33.6,663.9,1566.15
MAIZE,9.43,58,0.806,17.3,732.6,56637.54
COTTON,8.79,45,0.735,18.6,754.2,14040.55
SUGARCANE,0.58,130,0.777,28.2,379.7,42558.3
COTTON,3.42,109,0.708,30.7,329.3,5486.6
COTTON,3.6,34,0.596,25.7,284.4,4315.29
RICE,9.71,46,0.72,17.0,576.1,39842.98
SUGARCANE,1.04,137,0.782,33.9,747.9,65127.39
PULSES,7.9,40,0.286,27.7,397.5,2746.47
MAIZE,5.59,79,0.548,26.1,584.3,26352.32
MAIZE,2.12,84,0.441,31.8,155.0,10541.54
RICE,4.36,74,0.724,16.7,99.9,11887.7
RICE,5.53,91,0.712,16.9,386.2,21476.71
COTTON,2.69,103,0.486,17.8,378.8,2913.6
PULSES,8.61,47,0.808,24.2,317.3,8353.66
SUGARCANE,4.86,143,0.83,19.1,300.0,373783.3
SUGARCANE,0.79,109,0.694,16.7,640.6,55778.33
WHEAT,8.34,56,0.657,24.5,451.2,28402.95
SUGARCANE,1.15,99,0.745,15.2,670.4,79175.35
MAIZE,7.0,50,0.739,21.1,295.0,46943.33
MAIZE,7.42,71,0.588,16.0,433.9,33219.5
MAIZE,4.54,71,0.706,22.6,115.7,20931.15
PULSES,4.1,30,0.729,33.6,790.2,3355.09
COTTON,1.8,75,0.551,23.6,778.8,2125.75
SUGARCANE,6.08,309,0.565,17.2,449.2,308089.91
COTTON,2.66,14,0.697,33.6,581.7,3605.2
PULSES,1.31,86,0.754,33.1,177.7,1079.75
MAIZE,7.49,75,0.471,30.0,725.7,36563.16
PULSES,4.85,57,0.762,32.5,667.9,4240.38
MAIZE,6.53,83,0.754,33.9,606.4,37888.31
RICE,2.2,19,0.767,29.6,506.9,10064.48
PULSES,8.47,27,0.758,27.8,730.5,8344.93
RICE,4.89,52,0.527,33.3,247.0,13073.0
RICE,8.0,111,0.223,30.2,169.9,13433.49
SUGARCANE,1.5,103,0.553,19.2,427.1,86116.68
SUGARCANE,1.58,51,0.772,34.7,675.7,99065.53
MAIZE,5.98,12,0.548,33.3,774.6,24935.5
PULSES,8.54,23,0.765,22.4,160.9,8760.19
COTTON,6.06,66,0.49,27.6,542.7,7449.81
SUGARCANE,7.63,247,0.103,31.7,288.8,205661.33
COTTON,0.69,41,0.698,26.7,57.8,833.49
SUGARCANE,1.69,303,0.189,27.9,286.4,45527.81
PULSES,4.55,83,0.756,31.5,648.2,4664.67
PULSES,1.67,46,0.826,21.0,586.0,1604.79
RICE,9.1,99,0.527,19.1,618.1,28071.27
COTTON,1.25,99,0.77,26.4,206.7,2009.29
SUGARCANE,1.07,13,0.531,34.5,782.4,52671.6
COTTON,1.36,84,0.699,28.0,695.6,2315.9
WHEAT,6.06,57,0.808,17.3,334.9,18710.64
PULSES,6.33,27,0.619,24.4,186.3,4342.56
WHEAT,5.67,117,0.289,23.2,307.3,7075.71
WHEAT,5.45,106,0.462,31.3,562.2,13361.19
RICE,6.42,99,0.84,27.7,203.6,28348.04
PULSES,9.23,62,0.41,22.5,143.3,4507.2
SUGARCANE,5.7,79,0.693,20.3,415.0,426107.41
WHEAT,9.37,140,0.463,20.2,252.9,23066.23
SUGARCANE,2.68,172,0.622,26.5,481.3,143249.91
COTTON,4.32,10,0.685,25.7,693.6,7440.55
SUGARCANE,4.82,148,0.581,22.0,691.8,262824.6
MAIZE,5.61,68,0.748,24.1,716.2,35253.47
COTTON,8.16,40,0.582,31.8,665.6,10061.93
RICE,2.43,36,0.802,33.0,430.4,8820.59
COTTON,4.71,101,0.165,19.7,353.5,2899.75
COTTON,0.63,74,0.793,27.1,517.0,999.24
MAIZE,2.33,91,0.633,18.7,145.8,7541.67
MAIZE,7.98,15,0.12,31.9,696.8,18639.96
RICE,6.31,102,0.508,17.7,251.4,17772.09
RICE,1.04,98,0.768,29.1,124.8,3111.94
MAIZE,4.03,109,0.76,16.5,516.0,24451.88
MAIZE,1.44,91,0.142,20.5,764.1,3292.93
PULSES,7.49,70,0.728,20.1,750.0,7346.05
WHEAT,2.19,30,0.344,30.9,189.1,2666.96
PULSES,6.63,37,0.67,25.7,516.4,6258.78
MAIZE,4.13,65,0.726,16.0,59.0,17251.8
COTTON,7.1,53,0.836,30.6,73.8,8065.37
WHEAT,4.21,116,0.417,22.2,357.0,10824.7
RICE,0.59,69,0.713,16.2,421.2,2251.49
SUGARCANE,9.67,23,0.452,24.2,192.1,556611.75
PULSES,4.79,30,0.691,31.3,474.8,4857.45
COTTON,8.9,109,0.687,15.5,667.7,12973.6
PULSES,7.85,62,0.64,17.2,175.4,5243.34
RICE,5.0,10,0.711,23.1,787.4,21218.34
WHEAT,7.72,85,0.623,17.6,320.4,17062.67
COTTON,0.65,97,0.832,20.4,111.7,784.86
PULSES,7.44,84,0.798,23.9,681.9,7647.92
COTTON,6.36,63,0.501,27.5,286.9,7421.85
WHEAT,4.97,30,0.545,21.0,467.9,13321.84
PULSES,1.77,54,0.486,25.8,134.0,850.78
RICE,1.51,95,0.841,25.7,741.6,6372.21
COTTON,5.63,113,0.304,29.7,651.8,3508.02
MAIZE,5.05,64,0.618,25.3,366.0,23546.48
COTTON,9.99,12,0.704,24.1,67.7,11825.99
COTTON,8.3,32,0.132,15.7,268.7,4637.24
WHEAT,1.31,86,0.731,29.7,623.1,4811.0
WHEAT,4.23,42,0.589,34.6,259.0,8991.87
COTTON,3.07,20,0.673,26.5,445.8,4973.59
COTTON,2.28,12,0.85,19.0,595.1,3832.09
PULSES,1.91,11,0.716,32.6,621.0,1527.22
RICE,0.67,76,0.809,29.9,795.5,2934.27
SUGARCANE,1.56,12,0.754,30.4,476.1,115194.86
MAIZE,1.63,10,0.841,32.0,338.4,11030.14
PULSES,1.95,40,0.749,33.7,606.6,1654.38
SUGARCANE,9.48,305,0.578,27.4,341.2,533097.86
PULSES,3.7,79,0.376,33.9,700.0,1137.59
COTTON,10.0,109,0.66,33.4,662.0,14687.6
SUGARCANE,3.13,122,0.674,16.9,676.3,226736.98
RICE,9.33,76,0.476,28.2,466.5,29466.02
MAIZE,3.63,28,0.631,21.2,779.6,16882.31
MAIZE,8.15,95,0.723,21.5,229.4,53321.34
RICE,4.74,58,0.276,20.0,486.5,7738.75
COTTON,4.6,47,0.423,26.0,250.2,5599.47
RICE,8.2,100,0.618,28.8,164.2,25289.52
WHEAT,5.38,83,0.143,32.8,155.6,5871.51
SUGARCANE,8.93,264,0.715,17.7,220.6,644391.54
PULSES,9.72,62,0.84,19.4,796.8,9158.4
MAIZE,1.33,89,0.804,34.0,463.7,7335.96
SUGARCANE,1.6,224,0.282,30.7,780.9,44109.86
RICE,3.23,120,0.427,15.6,398.5,8998.11
RICE,3.01,62,0.667,26.2,441.8,13188.75
RICE,1.35,105,0.158,33.1,475.8,1926.0
PULSES,4.56,54,0.656,33.1,759.9,3919.87
RICE,5.23,64,0.715,34.1,628.9,20011.09
MAIZE,3.46,102,0.825,28.1,720.4,23928.63
COTTON,9.88,86,0.843,17.1,116.1,9999.74
MAIZE,5.24,105,0.636,34.3,281.8,22117.52
MAIZE,2.73,81,0.124,35.0,451.1,5381.62
MAIZE,7.69,105,0.598,28.4,187.5,36738.75
RICE,5.34,118,0.812,33.7,748.9,20537.14
WHEAT,8.63,80,0.377,27.4,381.4,11596.28
SUGARCANE,4.7,148,0.47,24.3,110.4,177969.28
RICE,6.57,56,0.733,33.7,654.7,24088.49
SUGARCANE,5.09,164,0.136,21.3,253.9,138379.44
RICE,3.42,63,0.581,26.0,760.6,10561.85
MAIZE,8.01,65,0.545,30.0,172.7,37512.86
WHEAT,0.66,112,0.466,20.7,663.8,1734.61
RICE,6.87,88,0.689,26.0,448.4,30117.97
RICE,8.64,64,0.695,28.5,641.7,38017.68
SUGARCANE,8.16,43,0.705,31.0,452.6,659300.73
COTTON,2.97,14,0.67,17.0,82.8,2961.08
MAIZE,3.45,94,0.42,29.5,235.4,15780.53
PULSES,4.31,49,0.628,23.5,667.8,3022.43
WHEAT,1.45,139,0.847,19.1,96.9,3643.85
RICE,6.15,80,0.549,33.2,87.1,11228.88
MAIZE,0.81,11,0.834,24.5,137.6,3595.11
PULSES,5.22,22,0.743,28.0,361.2,5312.85
RICE,8.9,106,0.835,30.2,754.9,39879.54
SUGARCANE,9.79,36,0.462,26.6,263.7,574455.89
COTTON,8.3,94,0.621,27.6,107.8,7291.46
MAIZE,2.62,77,0.674,24.5,174.9,17341.26
COTTON,5.46,10,0.806,27.0,92.2,6133.95
RICE,9.48,23,0.761,25.2,634.4,41586.79
WHEAT,1.73,61,0.611,26.8,790.9,4318.66
COTTON,7.86,147,0.718,19.5,385.6,12864.24
RICE,9.05,10,0.707,15.3,592.1,36013.75
MAIZE,4.92,74,0.684,20.1,701.1,31478.86
WHEAT,2.53,111,0.147,31.5,343.0,3088.8
COTTON,6.22,107,0.819,20.2,549.8,9770.3
COTTON,6.98,101,0.774,17.4,483.5,10865.47
MAIZE,7.12,28,0.661,17.3,354.9,41439.3
WHEAT,4.19,11,0.652,19.0,84.8,10779.47
PULSES,5.47,43,0.438,32.0,577.1,4015.14
SUGARCANE,5.61,123,0.708,32.1,427.5,356907.96
RICE,3.36,23,0.544,31.2,660.5,10554.59
WHEAT,0.95,35,0.664,24.5,323.5,3446.84
SUGARCANE,9.9,158,0.809,19.6,700.8,771025.63
MAIZE,2.71,80,0.651,15.3,138.9,11562.34
COTTON,4.5,49,0.814,26.7,368.4,7765.92
MAIZE,4.99,80,0.799,33.3,133.4,19685.89
RICE,9.11,73,0.67,19.7,329.1,40335.68
SUGARCANE,1.44,195,0.725,33.8,84.2,67104.69
SUGARCANE,4.89,126,0.405,20.9,269.5,280915.43
MAIZE,7.83,64,0.512,15.7,98.5,22734.94
COTTON,2.43,138,0.722,31.1,616.0,4001.76
PULSES,7.65,71,0.415,17.0,288.5,5194.5
SUGARCANE,0.65,105,0.471,16.5,276.3,33895.71
PULSES,4.86,33,0.682,18.5,244.7,4932.52
PULSES,5.52,28,0.445,25.3,275.2,3793.84
COTTON,4.57,44,0.781,22.5,205.2,7524.09
RICE,8.67,100,0.718,29.5,775.2,37769.9
COTTON,7.07,101,0.452,25.6,591.5,8768.97
SUGARCANE,1.0,353,0.591,25.3,752.1,58764.43
SUGARCANE,6.95,100,0.717,22.4,226.5,508715.0
RICE,7.03,116,0.435,19.0,363.6,21559.73
MAIZE,6.16,67,0.701,15.2,193.9,37162.08
MAIZE,4.41,17,0.52,32.6,424.9,17703.12
MAIZE,2.01,19,0.823,19.8,635.9,12947.18
WHEAT,5.03,113,0.431,29.6,185.2,13142.28
WHEAT,9.47,47,0.671,16.5,398.6,29613.92
COTTON,4.55,40,0.131,18.3,634.6,2636.53
SUGARCANE,4.03,157,0.76,26.5,224.5,306424.82
RICE,8.44,84,0.767,31.1,190.4,38615.83
PULSES,4.43,82,0.403,34.9,717.9,2625.59
COTTON,3.05,29,0.759,32.4,387.9,4441.69
RICE,9.26,113,0.216,18.9,715.3,14133.48
MAIZE,7.01,14,0.69,18.7,676.3,44801.87
MAIZE,4.08,38,0.607,23.8,472.4,20137.29
COTTON,9.8,11,0.842,15.7,348.3,15178.24
MAIZE,1.08,54,0.547,34.7,293.8,4494.03
WHEAT,7.51,67,0.79,34.8,419.9,22561.86
RICE,2.02,83,0.728,22.0,85.8,6517.09
SUGARCANE,8.26,40,0.736,23.4,346.3,625279.38
WHEAT,4.81,52,0.711,34.5,491.1,14053.0
PULSES,6.45,57,0.795,25.1,459.6,6258.65
RICE,4.48,73,0.319,31.9,66.3,4789.1
RICE,6.82,23,0.818,18.4,84.8,20346.38
RICE,9.09,109,0.472,31.3,514.8,28446.59
SUGARCANE,5.94,27,0.685,18.1,767.8,445820.46
WHEAT,0.56,52,0.663,18.1,330.7,2001.16
MAIZE,3.77,17,0.827,19.5,303.2,24455.42
PULSES,6.99,14,0.731,25.1,465.8,6961.8
PULSES,7.94,89,0.805,18.9,171.7,8135.57
COTTON,9.23,119,0.812,15.5,473.2,14036.08
PULSES,2.69,26,0.589,30.1,117.8,1407.24
RICE,4.72,52,0.494,33.2,508.8,12985.77
RICE,1.62,41,0.216,16.5,394.8,2353.33
MAIZE,2.02,11,0.769,32.3,530.7,11407.4
COTTON,3.75,35,0.686,23.9,577.2,5939.92
MAIZE,2.71,61,0.735,34.0,405.1,14672.73
SUGARCANE,6.48,214,0.671,33.1,575.9,440671.63
COTTON,1.64,68,0.764,18.2,606.4,2714.94
MAIZE,3.5,27,0.688,29.1,97.1,16478.98
MAIZE,3.87,50,0.692,30.4,125.3,18129.44
MAIZE,2.76,16,0.738,33.3,395.7,14925.66
COTTON,6.25,42,0.798,32.2,165.0,8409.24
SUGARCANE,2.74,140,0.562,29.0,454.8,147447.57
WHEAT,7.49,11,0.759,24.9,373.6,26718.21
SUGARCANE,2.38,116,0.582,26.8,789.6,132347.02
RICE,3.9,89,0.148,24.3,457.2,6108.86
COTTON,3.11,143,0.751,30.7,601.4,5147.1
PULSES,5.64,51,0.571,24.6,353.4,3927.57
PULSES,5.33,60,0.782,30.6,321.8,5500.42
PULSES,8.81,57,0.767,18.4,169.3,8445.91
MAIZE,0.58,23,0.721,30.9,750.4,3791.92
MAIZE,4.75,80,0.768,20.0,185.2,29822.35
WHEAT,8.03,72,0.125,26.4,181.3,9776.24
RICE,6.25,93,0.684,28.9,79.8,19076.58
RICE,2.99,116,0.599,16.1,485.5,8551.19
WHEAT,1.13,82,0.405,19.6,106.2,2073.02
RICE,5.96,41,0.69,27.4,150.9,25693.96
COTTON,1.39,66,0.651,15.9,773.8,2153.27
WHEAT,4.88,19,0.706,17.2,563.8,15333.05
RICE,5.0,65,0.494,19.4,444.3,16703.03
RICE,0.64,51,0.685,20.4,117.6,2035.49
PULSES,1.89,38,0.449,32.3,198.7,1146.31
RICE,6.61,111,0.468,16.9,376.5,18346.18
WHEAT,7.3,109,0.83,20.8,736.5,24916.45
WHEAT,4.91,109,0.745,23.4,738.9,16473.73
PULSES,2.48,42,0.443,34.5,664.1,1575.43
RICE,5.0,119,0.752,23.8,798.5,22738.97
COTTON,6.39,58,0.789,15.8,176.5,9546.43
COTTON,3.42,78,0.749,19.4,309.0,5801.51
WHEAT,5.26,109,0.74,30.2,58.1,12777.81
MAIZE,7.84,57,0.491,30.2,363.5,37887.22
MAIZE,7.04,32,0.737,29.1,97.4,30937.88
RICE,6.16,39,0.717,32.7,411.3,24060.4
WHEAT,1.37,81,0.806,27.1,676.4,4596.95
WHEAT,5.03,29,0.735,21.1,684.8,17944.79
PULSES,1.39,38,0.841,25.5,256.9,1370.19
COTTON,7.41,31,0.74,28.0,692.1,12689.24
MAIZE,9.01,69,0.825,30.1,353.1,61991.02
RICE,3.99,48,0.421,22.5,438.1,12907.08
RICE,9.41,29,0.835,18.3,682.3,39379.73
SUGARCANE,3.43,30,0.556,31.8,338.8,188047.39
WHEAT,3.95,119,0.83,19.6,236.0,13580.05
COTTON,6.13,72,0.729,27.9,549.4,9631.28
COTTON,4.97,40,0.677,29.7,365.5,8518.56
COTTON,9.16,81,0.547,30.4,389.1,11153.63
COTTON,3.63,138,0.562,31.2,85.0,3040.27
WHEAT,5.94,62,0.813,28.9,570.2,21679.2
SUGARCANE,7.68,214,0.819,31.0,528.3,611948.82
PULSES,6.55,83,0.816,28.9,94.0,4606.29
SUGARCANE,4.51,49,0.73,29.5,72.3,240433.35
WHEAT,8.47,27,0.683,33.6,557.1,26304.38
COTTON,2.32,55,0.522,27.3,554.7,2802.56
SUGARCANE,9.34,261,0.681,29.0,774.3,738559.34
WHEAT,4.9,127,0.621,25.7,666.8,12303.11
MAIZE,2.13,85,0.656,29.4,493.5,14320.83
PULSES,2.73,21,0.457,21.5,565.3,1993.07
PULSES,0.68,46,0.763,34.6,387.2,600.48
SUGARCANE,2.21,325,0.758,18.8,325.9,178614.42
SUGARCANE,2.04,149,0.832,29.8,258.5,161577.98
RICE,7.13,110,0.563,29.8,399.4,22904.47
COTTON,4.98,11,0.725,27.8,547.5,8363.1
MAIZE,8.89,77,0.801,33.1,88.9,34490.75
MAIZE,8.88,84,0.291,33.0,540.5,17378.19
RICE,2.4,67,0.427,16.1,499.3,6674.28
PULSES,3.33,67,0.449,25.3,454.6,2401.82
RICE,4.82,61,0.683,33.9,462.7,18299.51
MAIZE,8.41,77,0.839,28.2,64.4,37483.83
SUGARCANE,6.77,183,0.153,27.9,523.5,181765.62
COTTON,5.63,118,0.299,29.4,713.4,3339.11
RICE,2.13,70,0.676,26.1,447.8,9691.28
WHEAT,6.44,126,0.801,18.5,742.1,21976.54
MAIZE,3.17,37,0.769,27.6,187.9,20405.4
SUGARCANE,6.96,258,0.419,15.2,609.8,361676.07
PULSES,1.85,30,0.49,23.2,63.9,894.17
WHEAT,9.59,127,0.652,26.0,249.7,33592.57
PULSES,1.06,88,0.802,15.0,738.7,924.97
COTTON,3.52,88,0.721,29.0,368.7,5808.72
RICE,7.15,114,0.723,33.8,559.8,28000.23
COTTON,8.36,79,0.616,25.9,139.1,7285.23
SUGARCANE,4.79,265,0.724,33.8,350.0,302603.98
WHEAT,9.63,69,0.726,31.1,503.2,34321.08
SUGARCANE,4.37,309,0.725,21.2,662.4,352230.69
PULSES,9.1,27,0.628,18.7,443.3,6345.3
COTTON,5.85,42,0.733,16.5,390.3,9062.03
SUGARCANE,4.38,106,0.49,34.7,731.5,217827.91
PULSES,8.3,85,0.275,34.0,461.1,2467.5
SUGARCANE,7.48,214,0.743,24.9,508.2,568597.44
COTTON,0.62,41,0.755,16.0,760.6,949.01
SUGARCANE,8.22,58,0.771,29.9,782.0,639237.16
WHEAT,9.91,113,0.651,16.3,273.1,31873.25
PULSES,7.13,61,0.773,29.9,100.5,5085.57
PULSES,6.69,39,0.609,29.6,473.0,4680.83
RICE,0.66,76,0.519,18.0,526.7,2121.2
WHEAT,0.82,121,0.6,22.7,169.8,2159.22
PULSES,1.79,11,0.844,28.0,91.7,1201.1
MAIZE,8.4,13,0.747,23.5,506.5,57105.42
SUGARCANE,9.46,296,0.216,33.3,476.3,235882.27
SUGARCANE,9.25,27,0.606,23.0,148.8,344626.42
COTTON,6.76,72,0.401,27.3,356.8,8466.05
COTTON,5.93,132,0.803,33.3,531.5,8542.41
RICE,3.44,111,0.242,17.4,172.5,4817.64
RICE,6.74,71,0.476,23.1,59.5,15091.86
COTTON,2.37,53,0.848,22.0,219.3,3748.67
SUGARCANE,7.74,101,0.143,21.7,516.5,223998.0
SUGARCANE,7.36,312,0.747,19.2,80.2,388701.29
WHEAT,8.2,89,0.74,26.0,50.1,19741.98
COTTON,0.74,146,0.676,19.5,789.8,1272.65
RICE,7.07,70,0.665,30.1,103.5,21712.92
RICE,9.79,98,0.806,22.1,412.5,41951.25
PULSES,2.08,78,0.666,22.0,194.4,2008.91
SUGARCANE,8.23,295,0.522,21.9,458.5,441479.43
PULSES,8.17,51,0.508,20.4,650.6,5819.11
MAIZE,2.86,95,0.73,27.9,665.9,17937.28
MAIZE,0.61,41,0.592,29.3,289.2,2872.88
SUGARCANE,3.12,19,0.172,33.5,583.9,71654.15
RICE,8.14,13,0.541,22.9,170.2,27193.52
PULSES,0.88,75,0.814,26.1,563.4,851.92
PULSES,7.57,66,0.652,22.8,168.1,7642.55
RICE,9.72,58,0.737,27.0,700.2,43719.05
MAIZE,7.35,26,0.837,27.1,401.3,47363.45
RICE,5.28,74,0.321,31.8,415.5,8452.72
SUGARCANE,5.8,31,0.658,28.6,138.1,318850.25
RICE,5.64,102,0.551,34.6,699.2,14694.74
WHEAT,6.97,47,0.491,16.9,452.8,16144.87
SUGARCANE,0.95,93,0.458,28.2,133.6,37821.68
RICE,3.31,68,0.561,18.2,63.6,7211.16
COTTON,6.94,131,0.705,29.2,272.2,11710.26
RICE,8.7,96,0.585,33.4,721.6,22669.94
RICE,3.25,105,0.774,21.8,232.9,13974.39
COTTON,8.14,114,0.731,20.0,577.3,13533.37
RICE,3.95,11,0.727,29.8,275.9,16736.49
COTTON,8.22,124,0.831,25.3,86.3,9900.57
RICE,4.24,15,0.698,31.6,328.2,17964.36
SUGARCANE,8.93,54,0.503,31.7,517.9,504469.12
RICE,8.67,85,0.674,18.3,654.1,37145.69
RICE,1.86,27,0.702,18.2,200.0,8546.35
MAIZE,5.9,99,0.696,17.2,537.0,33947.91
COTTON,0.9,146,0.677,34.3,311.6,1301.98
COTTON,9.38,92,0.705,27.6,763.9,14771.01
MAIZE,7.6,87,0.707,21.6,435.3,48275.77
RICE,6.49,25,0.543,22.0,312.8,20168.56
MAIZE,7.74,60,0.146,18.4,645.7,18336.36
RICE,5.19,73,0.79,22.6,226.1,23547.61
RICE,8.2,117,0.758,15.6,57.9,22614.27
PULSES,1.97,63,0.218,17.6,315.0,669.83
MAIZE,5.29,13,0.841,28.6,100.9,23780.9
PULSES,6.53,21,0.812,21.3,90.5,4537.31
SUGARCANE,1.09,76,0.71,19.2,493.0,82315.11
SUGARCANE,3.02,202,0.312,22.3,122.8,61036.72
PULSES,9.42,69,0.714,24.2,479.5,9545.27
PULSES,9.36,83,0.737,29.9,275.3,9468.88
SUGARCANE,2.54,179,0.675,19.7,710.8,199755.3
COTTON,3.01,127,0.841,22.5,401.5,5101.59
WHEAT,9.94,132,0.592,16.8,249.0,23716.01
PULSES,1.45,33,0.771,23.6,231.4,1390.95
WHEAT,7.06,132,0.787,19.2,798.7,24614.8
MAIZE,0.88,81,0.193,30.3,661.6,2203.82
COTTON,4.07,57,0.738,33.4,516.5,5827.54
WHEAT,7.35,96,0.411,19.8,186.8,18957.56
MAIZE,7.04,10,0.773,19.6,648.8,46539.58
MAIZE,1.81,48,0.664,26.8,162.0,12075.15
PULSES,5.09,51,0.479,20.4,306.6,3810.18
RICE,9.19,66,0.764,27.2,102.1,28449.88
WHEAT,1.68,10,0.494,20.7,234.4,4375.39
WHEAT,7.85,120,0.31,18.0,146.2,6998.01
COTTON,2.57,29,0.795,29.0,75.3,2938.2
MAIZE,7.44,13,0.228,19.1,321.1,17388.24
RICE,3.68,50,0.751,21.1,522.6,15519.73
RICE,6.58,111,0.575,17.6,422.0,18037.94
PULSES,8.75,70,0.488,18.3,390.1,6071.76
SUGARCANE,9.3,230,0.403,15.8,579.9,454232.35
SUGARCANE,6.79,192,0.591,33.9,712.3,332753.5
COTTON,7.42,82,0.703,26.9,534.3,11886.56
SUGARCANE,9.29,310,0.537,24.7,480.7,522408.54
MAIZE,8.5,86,0.462,33.3,429.6,33065.24
PULSES,6.39,50,0.403,20.6,576.7,4675.26
WHEAT,8.32,121,0.676,29.9,781.5,28575.5
COTTON,1.46,35,0.76,29.1,710.4,2482.61
RICE,6.78,23,0.708,33.7,221.0,24130.63
PULSES,1.2,67,0.79,33.4,172.5,1051.16
SUGARCANE,9.74,165,0.187,31.5,746.9,263491.58
COTTON,7.29,139,0.415,25.3,425.9,8434.25
WHEAT,2.45,133,0.781,34.5,267.6,7248.25
RICE,4.15,19,0.158,29.5,481.7,6553.73
MAIZE,4.94,83,0.844,34.4,343.6,28414.66
MAIZE,5.4,97,0.704,30.5,340.1,37007.13
SUGARCANE,2.79,11,0.606,23.9,201.0,160989.46
RICE,8.47,17,0.678,16.7,350.6,31888.99
COTTON,3.57,91,0.564,23.1,258.3,4283.68
SUGARCANE,9.5,175,0.802,32.8,314.0,652316.47
WHEAT,2.92,120,0.651,22.7,384.8,10300.0
COTTON,8.18,43,0.661,16.4,337.0,11850.12
RICE,1.96,42,0.462,30.4,491.5,6254.63
MAIZE,0.55,35,0.731,25.7,369.4,3634.56
WHEAT,8.45,130,0.575,24.1,768.7,21433.44
RICE,8.88,48,0.464,33.3,434.5,23939.15
WHEAT,0.93,95,0.53,29.7,217.5,2495.82
MAIZE,7.59,37,0.766,26.7,374.9,47920.99
SUGARCANE,5.02,258,0.621,32.9,708.2,230228.57
MAIZE,3.7,29,0.672,22.3,507.0,24485.02
MAIZE,3.52,15,0.721,30.4,613.8,23213.75
SUGARCANE,9.75,17,0.75,27.8,217.1,732072.45
RICE,8.94,84,0.583,15.9,543.4,25572.62
WHEAT,7.31,74,0.78,31.2,83.2,17531.41
RICE,3.86,77,0.583,21.6,260.3,12773.86
RICE,4.95,118,0.658,16.9,608.1,19925.41
COTTON,3.21,121,0.772,34.1,135.3,3091.15
SUGARCANE,9.04,146,0.299,29.4,201.1,253141.77
PULSES,1.73,87,0.778,32.5,572.2,1500.34
MAIZE,1.51,63,0.779,19.4,778.3,9895.6
PULSES,6.61,80,0.775,20.6,394.4,6765.51
MAIZE,9.32,36,0.846,18.8,51.9,42640.11
SUGARCANE,2.53,338,0.125,16.8,659.0,66454.94
RICE,4.95,74,0.806,32.7,667.5,19108.57
SUGARCANE,3.47,328,0.817,33.7,745.9,221105.91
COTTON,7.39,66,0.429,27.5,759.4,8448.52
WHEAT,8.9,68,0.816,16.1,581.3,29031.4
COTTON,3.51,79,0.571,27.6,386.0,4284.07
SUGARCANE,3.17,248,0.268,29.1,103.0,63940.42
COTTON,5.22,90,0.755,34.8,708.9,7353.74
SUGARCANE,7.01,241,0.511,16.3,487.4,346958.86
SUGARCANE,1.05,307,0.752,27.2,584.2,79965.55
COTTON,8.35,63,0.76,23.9,204.0,13120.11
WHEAT,9.62,132,0.68,26.9,560.9,32780.18
PULSES,7.97,87,0.82,29.8,460.4,8132.75
RICE,1.97,82,0.53,27.9,685.5,6483.12
RICE,5.35,27,0.406,31.6,55.3,11866.31
PULSES,7.72,86,0.674,24.1,149.0,5339.82
WHEAT,6.1,46,0.771,19.6,256.2,21915.27
PULSES,9.33,65,0.546,24.1,84.7,4802.88
RICE,4.5,51,0.773,32.2,637.2,17444.35
WHEAT,3.71,124,0.747,19.7,126.2,8840.51
PULSES,9.04,37,0.716,27.6,561.0,9189.12
COTTON,6.92,18,0.779,25.5,513.4,11618.39
PULSES,2.62,45,0.467,15.9,325.7,1699.31
WHEAT,1.49,29,0.712,24.7,88.6,3825.46
RICE,7.65,39,0.33,32.0,198.8,12283.76
COTTON,1.58,110,0.586,27.0,607.7,1911.69
COTTON,8.84,125,0.529,32.5,156.6,9141.96
MAIZE,8.14,90,0.735,20.8,359.0,53579.1
MAIZE,0.74,107,0.338,23.5,692.2,1856.59
RICE,1.13,37,0.278,24.6,618.8,1809.09
WHEAT,8.75,100,0.75,24.1,737.7,31112.37
PULSES,6.86,66,0.752,34.2,630.5,5604.35
RICE,1.8,116,0.762,33.4,546.4,6827.95
WHEAT,2.65,86,0.821,29.7,101.7,6429.67
PULSES,2.92,41,0.809,15.5,399.9,2525.57
MAIZE,8.05,70,0.493,29.5,309.0,39150.78
MAIZE,5.68,93,0.775,20.4,748.9,39096.56
RICE,4.53,66,0.653,18.2,174.2,19959.15
RICE,4.34,80,0.817,20.7,798.8,18576.45
MAIZE,8.46,95,0.79,16.2,493.1,51846.9
WHEAT,7.09,125,0.797,17.6,657.8,23268.44
SUGARCANE,4.35,350,0.458,19.0,750.7,251198.07
COTTON,9.64,99,0.317,26.5,534.4,5717.18
WHEAT,1.61,58,0.74,17.5,609.7,5350.38
COTTON,4.64,29,0.849,29.9,736.5,7485.95
RICE,1.78,118,0.432,29.0,215.1,5760.77
SUGARCANE,0.88,116,0.633,26.1,718.3,49221.96
SUGARCANE,7.53,58,0.74,16.4,162.3,511623.54
COTTON,1.64,85,0.683,19.9,693.8,2587.66
MAIZE,8.59,56,0.711,32.4,332.7,46033.63
SUGARCANE,4.15,260,0.491,16.3,488.4,214398.16
PULSES,9.09,58,0.552,22.1,618.5,6636.01
COTTON,7.01,106,0.463,16.9,505.9,7212.19
SUGARCANE,3.57,101,0.48,16.3,591.5,174679.25
MAIZE,7.91,97,0.76,24.6,185.4,54349.6
WHEAT,5.94,86,0.698,19.7,239.5,20618.58
COTTON,7.45,31,0.746,26.6,198.5,12117.45
RICE,2.98,110,0.755,24.3,667.9,12736.55
WHEAT,8.81,12,0.767,20.7,380.6,31478.33
COTTON,1.4,59,0.756,22.5,88.7,1552.3
PULSES,5.59,41,0.691,16.7,119.1,3334.79
WHEAT,4.61,115,0.671,31.0,414.4,16305.91
SUGARCANE,4.83,33,0.497,25.5,367.4,260441.78
COTTON,8.47,114,0.556,15.0,697.8,9442.12
PULSES,2.38,19,0.703,29.1,197.1,2333.64
RICE,2.25,16,0.75,32.5,782.6,8576.05
MAIZE,9.14,12,0.62,17.8,266.2,37887.94
MAIZE,7.99,13,0.746,17.1,106.5,32623.61
SUGARCANE,5.88,19,0.822,23.5,237.4,468552.47
SUGARCANE,1.84,79,0.467,15.6,289.6,96158.52
SUGARCANE,1.74,350,0.724,17.8,70.6,88297.57
PULSES,6.33,15,0.427,19.2,450.6,4425.01
SUGARCANE,1.46,126,0.487,25.3,766.5,78626.5
WHEAT,2.0,75,0.822,28.6,299.9,6840.47
WHEAT,5.26,86,0.472,23.9,644.8,13025.63
SUGARCANE,5.36,229,0.685,16.1,657.7,388191.23
WHEAT,4.65,126,0.514,33.1,665.7,9892.48
SUGARCANE,5.73,330,0.774,31.6,317.2,455983.44
RICE,3.68,32,0.385,23.1,660.6,5924.93
RICE,3.04,107,0.631,22.4,234.7,9863.78
RICE,6.39,63,0.671,24.5,794.5,27326.43
COTTON,8.57,104,0.826,30.5,761.7,14739.78
COTTON,4.63,91,0.481,26.2,574.1,5666.96
COTTON,1.71,96,0.437,19.1,733.1,2104.32
COTTON,5.19,48,0.718,16.6,530.7,7987.24
PULSES,9.37,35,0.531,19.5,253.6,7043.37
MAIZE,4.4,52,0.736,28.4,69.6,20906.93
COTTON,7.44,47,0.744,27.8,511.9,12585.42
SUGARCANE,7.98,49,0.721,19.5,759.8,588855.6
COTTON,9.02,141,0.567,16.8,233.6,9738.78
WHEAT,5.0,107,0.788,30.5,630.0,18379.65
MAIZE,5.59,64,0.63,33.1,64.3,16597.63
COTTON,7.45,63,0.846,34.6,348.7,10131.47
MAIZE,7.94,66,0.715,20.6,158.1,52813.55
PULSES,2.06,47,0.731,33.3,193.4,1665.69
WHEAT,7.61,86,0.729,26.5,429.2,27229.04
PULSES,1.54,62,0.492,20.8,395.1,1122.15
COTTON,9.9,16,0.828,19.5,296.5,16498.48
RICE,1.5,59,0.72,30.5,70.7,4574.42
PULSES,2.85,87,0.767,30.2,111.0,1921.02
MAIZE,9.73,37,0.783,31.7,542.6,62324.33
PULSES,3.1,22,0.815,25.9,568.5,2942.74
RICE,9.57,120,0.77,15.8,795.5,39446.1
RICE,1.49,11,0.268,29.2,547.2,2284.6
RICE,0.95,49,0.621,32.9,79.0,1814.16
COTTON,8.61,40,0.759,15.7,773.6,13266.82
SUGARCANE,0.88,159,0.841,30.4,243.4,70438.68
MAIZE,3.37,43,0.639,19.2,198.1,16055.44
PULSES,5.04,22,0.838,26.8,204.1,5011.33
RICE,1.26,110,0.821,32.7,643.0,4531.45
WHEAT,7.94,35,0.712,32.0,62.2,18850.77
COTTON,6.86,11,0.837,26.1,541.4,11080.54
RICE,1.76,78,0.776,21.3,731.5,8080.0
RICE,7.84,87,0.737,32.0,326.4,34083.99
COTTON,2.28,28,0.808,16.6,738.5,3385.57
SUGARCANE,9.72,346,0.135,26.6,264.7,265342.49
WHEAT,1.63,82,0.418,19.7,740.1,4055.04
RICE,4.4,94,0.782,22.8,354.9,18882.33
MAIZE,3.7,51,0.781,29.8,720.1,23203.92
PULSES,3.95,72,0.416,29.2,487.8,2871.65
SUGARCANE,3.12,279,0.204,22.8,261.7,87973.38
SUGARCANE,2.6,39,0.671,34.8,575.6,167459.76
COTTON,3.8,112,0.723,25.1,714.9,6490.54
WHEAT,4.76,32,0.728,17.7,540.1,14936.56
RICE,2.96,11,0.783,16.7,694.3,11902.01
MAIZE,1.56,38,0.814,25.2,766.8,10214.64
WHEAT,2.98,123,0.425,15.1,776.3,7195.8
COTTON,4.39,25,0.637,31.1,125.2,3553.21
WHEAT,0.57,114,0.75,17.2,313.4,1858.62
WHEAT,1.83,46,0.686,26.1,262.9,6464.82
COTTON,3.6,49,0.722,27.1,496.6,5661.98
MAIZE,1.38,102,0.464,27.1,136.9,4577.92
RICE,7.19,41,0.656,32.1,630.7,26068.39
COTTON,9.31,52,0.527,17.6,669.2,10347.94
COTTON,3.25,102,0.261,15.8,619.4,1759.25
RICE,1.71,79,0.665,32.9,126.7,4381.74
PULSES,9.46,41,0.773,32.4,144.7,5718.47
RICE,9.33,43,0.761,31.0,265.9,42627.52
WHEAT,5.73,54,0.752,26.1,507.7,19206.65
WHEAT,7.68,137,0.262,29.2,68.7,7222.17
COTTON,5.8,39,0.423,31.5,515.4,7241.81
COTTON,2.88,71,0.497,26.5,289.2,3397.92
MAIZE,9.6,73,0.542,21.1,626.1,46286.12
MAIZE,2.27,104,0.734,34.3,474.8,12160.16
MAIZE,3.91,29,0.81,23.6,332.9,26394.09
COTTON,3.65,127,0.74,20.5,383.0,5747.41
COTTON,3.52,123,0.835,23.4,470.1,5691.17
SUGARCANE,1.06,193,0.654,20.6,409.2,80791.3
SUGARCANE,2.03,323,0.471,21.0,630.4,113667.46
WHEAT,3.57,12,0.785,19.8,155.6,12252.91
WHEAT,3.36,11,0.466,24.1,144.5,5786.66
MAIZE,3.75,60,0.479,21.8,393.9,18622.52
SUGARCANE,9.32,206,0.75,31.2,61.2,491173.29
MAIZE,4.8,40,0.162,28.1,515.4,11333.3
SUGARCANE,3.27,102,0.346,21.4,453.4,94402.3
SUGARCANE,4.18,33,0.832,17.8,376.3,280515.12
PULSES,6.36,21,0.67,20.9,167.7,6069.0
WHEAT,0.75,32,0.758,30.4,728.9,2602.82
WHEAT,6.11,113,0.692,32.2,675.7,18091.39
WHEAT,8.28,18,0.135,19.6,167.7,10116.34
SUGARCANE,7.91,193,0.68,23.4,553.6,581585.65
SUGARCANE,2.77,134,0.774,24.8,415.4,215501.88
RICE,1.05,12,0.766,21.8,124.6,3119.59
MAIZE,4.08,101,0.568,16.3,605.0,17368.09
SUGARCANE,3.44,240,0.774,33.0,220.2,220322.06
MAIZE,7.41,37,0.697,34.2,538.2,41440.08
SUGARCANE,7.8,155,0.708,29.7,678.4,597232.91
PULSES,1.62,47,0.202,28.6,574.5,560.13
RICE,6.87,73,0.734,23.6,93.8,20475.71
COTTON,6.66,117,0.655,26.5,465.3,11342.15
PULSES,3.55,80,0.782,30.9,518.7,3393.56
WHEAT,1.16,39,0.775,28.6,381.3,4036.81
COTTON,6.51,62,0.677,19.0,414.7,10783.55
SUGARCANE,1.98,80,0.777,29.4,535.3,150441.95
WHEAT,9.16,31,0.819,27.1,194.4,30760.15
PULSES,2.83,53,0.459,30.0,473.4,2077.72
WHEAT,7.18,28,0.702,21.9,544.0,25279.17
COTTON,4.11,63,0.746,34.3,585.2,5535.6
PULSES,5.76,73,0.764,32.6,305.6,4706.63
SUGARCANE,1.82,58,0.705,32.4,660.9,122738.17
WHEAT,7.15,110,0.736,32.3,707.6,22187.55
MAIZE,1.1,28,0.849,21.3,309.1,7595.58
WHEAT,5.15,103,0.475,30.0,510.2,13813.44
MAIZE,5.52,75,0.735,18.3,660.6,36715.28
PULSES,3.99,25,0.731,17.8,54.4,2466.98
WHEAT,9.72,117,0.757,21.7,132.4,24712.71
RICE,8.73,108,0.739,23.4,419.1,38785.66
WHEAT,7.53,15,0.54,19.3,563.6,18832.07
WHEAT,1.19,38,0.824,28.1,725.8,4057.29
WHEAT,3.28,136,0.847,28.8,691.0,11739.72
PULSES,0.56,54,0.31,24.3,707.9,199.05
SUGARCANE,3.27,345,0.655,19.6,508.2,242573.34
MAIZE,4.8,97,0.626,33.9,630.6,18982.9
PULSES,7.45,29,0.622,29.0,252.3,5130.15
COTTON,5.14,123,0.689,27.6,553.2,8776.73
SUGARCANE,4.55,12,0.848,32.7,669.1,283713.66
RICE,8.97,102,0.47,33.4,144.9,17620.46
SUGARCANE,2.43,118,0.74,26.5,67.2,134775.12
WHEAT,9.42,113,0.798,16.7,205.1,28376.48
MAIZE,6.58,42,0.469,23.7,737.0,30425.12
SUGARCANE,9.86,224,0.793,16.0,700.3,659079.96
SUGARCANE,4.01,57,0.37,22.5,668.7,117547.32
RICE,1.24,52,0.672,21.9,724.7,5573.52
PULSES,6.6,79,0.452,25.5,432.2,4818.02
PULSES,7.49,46,0.664,20.6,254.0,7091.71
COTTON,4.16,140,0.787,31.7,193.2,6956.19
RICE,3.11,92,0.712,21.4,429.3,13269.49
SUGARCANE,6.57,62,0.25,21.4,261.4,176785.37
COTTON,5.71,19,0.835,15.7,716.4,8725.51
PULSES,1.48,87,0.762,29.1,412.8,1407.01
RICE,1.51,76,0.223,31.0,783.3,2322.46
SUGARCANE,5.93,207,0.766,29.3,201.5,442875.46
COTTON,1.12,20,0.608,21.7,784.3,1304.67
WHEAT,2.93,27,0.734,23.8,162.5,10179.13
MAIZE,9.54,41,0.769,30.2,172.3,60818.33
COTTON,6.76,34,0.805,24.6,469.7,10670.51
MAIZE,5.62,44,0.224,24.7,701.8,12819.4
WHEAT,0.56,97,0.83,24.2,409.2,1948.38
SUGARCANE,5.82,341,0.713,27.8,658.3,457556.33
WHEAT,3.54,104,0.224,34.4,53.3,2708.03
WHEAT,9.44,11,0.763,24.4,714.5,34366.45
PULSES,4.84,38,0.793,18.3,412.8,4779.68
COTTON,9.24,39,0.802,20.8,289.3,15540.7
COTTON,6.7,109,0.806,16.2,381.9,9534.55
RICE,0.96,28,0.467,18.9,556.4,3068.58
PULSES,9.66,54,0.516,31.4,546.7,7292.84
RICE,7.7,116,0.306,23.5,140.2,8692.67
PULSES,5.01,58,0.772,22.0,349.1,5093.65
COTTON,3.31,106,0.697,20.8,249.5,5197.96
PULSES,3.98,30,0.343,33.9,789.8,1203.25
PULSES,3.96,68,0.63,18.6,678.3,2873.85
MAIZE,2.82,89,0.51,22.2,263.4,13768.5
COTTON,0.98,39,0.808,26.7,112.0,1182.23
RICE,7.58,22,0.729,31.6,163.5,31714.13
SUGARCANE,0.81,215,0.764,19.2,246.2,62174.95
MAIZE,6.18,81,0.159,21.4,430.7,15149.0
MAIZE,5.17,21,0.426,26.4,404.0,23801.74
MAIZE,4.15,100,0.733,27.7,689.8,27879.67
WHEAT,8.22,15,0.422,34.9,421.1,17240.49
PULSES,4.37,56,0.754,21.2,454.0,4224.14
SUGARCANE,9.07,265,0.47,15.8,75.8,332167.76
PULSES,6.75,12,0.783,16.7,549.9,5940.27
RICE,3.54,85,0.803,20.6,667.9,15569.0
RICE,4.31,93,0.661,27.9,594.1,19890.11
MAIZE,9.04,93,0.211,29.3,674.5,21046.8
RICE,1.35,17,0.658,16.0,665.6,5393.39
RICE,5.75,76,0.651,33.8,690.2,21573.16
RICE,2.15,92,0.167,29.0,259.0,3383.28
SUGARCANE,7.68,329,0.549,19.6,742.6,438951.57
PULSES,4.71,64,0.804,22.9,450.3,4729.44
SUGARCANE,7.99,52,0.677,27.7,439.9,605927.11
SUGARCANE,3.38,244,0.636,30.4,685.1,196317.71
PULSES,2.59,21,0.72,26.0,209.1,2635.83
WHEAT,0.58,120,0.691,24.0,427.9,2139.34
RICE,5.8,25,0.434,23.4,224.6,19485.58
PULSES,8.7,13,0.425,31.2,370.4,6383.07
RICE,5.34,71,0.83,28.2,457.0,24572.56
COTTON,9.3,120,0.831,28.3,68.4,10987.17
COTTON,8.85,51,0.73,26.8,188.1,14503.58
COTTON,5.39,141,0.79,18.9,532.7,8524.98
COTTON,9.9,93,0.76,27.8,557.0,16684.77
SUGARCANE,0.51,159,0.698,21.4,451.6,37838.92
MAIZE,6.41,71,0.737,34.5,677.0,35529.23
RICE,5.72,34,0.207,29.8,68.5,6104.87
RICE,9.23,47,0.738,32.8,635.5,33932.19
SUGARCANE,6.04,302,0.815,26.8,761.8,458219.12
COTTON,3.83,33,0.738,28.0,681.1,6198.4
COTTON,0.87,102,0.401,27.1,246.4,1053.85
PULSES,2.22,67,0.828,22.0,397.3,2098.85
WHEAT,6.6,46,0.654,17.0,707.9,20574.04
RICE,1.11,74,0.775,24.9,178.2,5008.17
RICE,4.31,92,0.436,18.6,220.3,13363.11
SUGARCANE,2.5,70,0.404,18.4,81.4,100768.1
COTTON,6.57,15,0.336,30.7,728.5,4001.61
COTTON,1.82,125,0.744,30.9,526.3,3151.39
PULSES,8.19,73,0.566,31.1,622.0,5781.86
PULSES,9.63,57,0.297,33.2,241.8,3011.72
SUGARCANE,9.08,116,0.711,33.8,214.2,584201.34
RICE,3.17,93,0.76,25.7,667.0,13744.27
SUGARCANE,2.39,147,0.807,26.2,692.1,186999.33
MAIZE,6.72,64,0.605,31.6,211.9,33799.89
MAIZE,5.42,40,0.822,31.2,404.6,35859.73
RICE,9.28,87,0.682,32.7,356.4,35762.93
SUGARCANE,2.58,342,0.699,34.5,373.0,170500.02
MAIZE,8.73,14,0.803,30.8,289.3,55080.35
PULSES,0.8,32,0.73,18.3,667.0,756.45
WHEAT,3.16,60,0.789,23.9,736.0,11112.1
WHEAT,8.52,90,0.808,21.9,521.7,30547.1
WHEAT,5.84,17,0.678,26.2,313.4,20257.38
PULSES,1.76,10,0.719,28.2,769.6,1671.7
WHEAT,3.76,26,0.743,20.3,562.8,13463.29
WHEAT,8.33,135,0.6,21.6,109.0,15258.08
RICE,1.56,40,0.538,20.5,701.7,4942.63
WHEAT,8.91,77,0.737,28.5,729.6,32323.3
MAIZE,1.55,16,0.749,25.6,465.5,10410.97
MAIZE,3.28,20,0.801,34.5,648.6,18996.61
PULSES,1.27,39,0.666,28.3,742.4,1237.69
MAIZE,3.47,97,0.741,15.6,623.7,19860.94
WHEAT,5.67,37,0.69,23.8,339.0,20951.7
WHEAT,8.54,91,0.49,23.5,591.4,22670.19
WHEAT,7.73,75,0.442,23.5,435.3,19839.69
SUGARCANE,9.77,345,0.682,26.8,749.7,746564.8
WHEAT,1.3,120,0.808,19.7,513.8,4500.97
RICE,4.64,73,0.19,15.6,297.4,6758.8
SUGARCANE,5.63,74,0.304,23.4,220.7,162429.56
WHEAT,9.55,65,0.696,30.5,739.8,33718.84
RICE,3.43,54,0.422,20.8,164.2,10586.63
SUGARCANE,8.25,215,0.659,28.6,464.7,653382.15
WHEAT,1.52,75,0.722,22.4,333.9,5181.76
SUGARCANE,1.11,179,0.655,20.7,244.1,88848.63
SUGARCANE,8.58,113,0.46,32.7,329.4,425371.29
RICE,8.92,97,0.438,34.6,412.9,23337.28
PULSES,1.52,12,0.787,17.3,554.9,1349.95
WHEAT,4.2,96,0.618,19.3,171.3,10334.33
COTTON,1.84,31,0.575,24.8,665.1,2131.96
RICE,6.14,41,0.83,30.7,382.0,27500.66
COTTON,7.89,39,0.486,26.3,561.8,9456.0
COTTON,6.61,98,0.578,31.8,110.7,5754.17
RICE,2.92,50,0.812,18.6,148.2,9125.09
PULSES,8.17,41,0.761,15.7,209.8,7599.86
PULSES,3.79,17,0.713,23.0,620.9,3582.22
PULSES,7.9,44,0.806,30.8,254.9,7965.57
COTTON,6.95,86,0.529,29.5,230.1,8276.59
SUGARCANE,1.41,48,0.599,28.3,384.8,75577.91
MAIZE,1.45,41,0.662,25.9,169.8,9094.3
WHEAT,5.59,53,0.697,15.6,462.6,17172.51
PULSES,1.23,59,0.795,27.7,216.7,1259.24
WHEAT,5.61,32,0.568,34.8,603.7,12329.72
COTTON,7.62,88,0.503,18.7,82.1,6307.08
RICE,2.94,101,0.66,24.5,56.6,8705.8
WHEAT,3.06,103,0.407,28.1,449.8,7917.15
RICE,2.21,68,0.724,30.3,711.6,9805.82
RICE,6.41,112,0.487,33.7,365.2,17387.45
SUGARCANE,4.26,183,0.673,18.7,370.8,314185.67
COTTON,4.74,39,0.562,25.0,612.6,5885.06
WHEAT,6.05,112,0.798,30.3,336.3,21884.54
SUGARCANE,2.58,22,0.749,24.2,196.7,205534.97
SUGARCANE,5.04,156,0.411,29.6,213.1,286622.53
PULSES,7.73,46,0.631,21.0,640.6,5780.29
WHEAT,5.2,62,0.4,34.0,132.8,8162.64
COTTON,7.9,86,0.784,22.5,271.6,12678.84
SUGARCANE,4.27,282,0.45,33.5,246.4,193642.51
MAIZE,4.19,58,0.763,26.9,726.8,28834.75
WHEAT,4.09,69,0.706,19.4,562.2,15002.23
WHEAT,4.31,68,0.419,21.9,781.6,11305.93
WHEAT,7.9,39,0.44,33.7,337.5,17359.4
MAIZE,1.11,43,0.799,28.7,484.3,7019.74
COTTON,2.12,141,0.746,25.4,65.3,2457.53
COTTON,7.12,112,0.604,24.6,557.9,8566.06
PULSES,8.01,76,0.6,24.5,263.6,5833.12
SUGARCANE,6.2,171,0.824,17.1,143.2,294119.95
COTTON,8.01,116,0.798,26.1,450.9,12690.49
RICE,4.61,73,0.81,32.1,698.9,16919.65
WHEAT,1.4,114,0.669,26.9,785.8,4862.22
MAIZE,4.76,32,0.581,17.1,497.5,20786.93
WHEAT,5.14,139,0.765,32.8,444.2,15670.68
SUGARCANE,6.66,309,0.756,34.0,573.3,419063.91
WHEAT,6.61,13,0.735,24.9,191.4,23693.61
WHEAT,1.59,66,0.566,23.4,140.4,2945.47
RICE,4.97,120,0.704,15.7,685.9,19308.19
SUGARCANE,8.43,134,0.683,22.1,271.9,650141.34
MAIZE,5.28,53,0.617,31.4,225.8,25591.62
SUGARCANE,5.71,73,0.82,35.0,213.4,378656.99
WHEAT,9.15,97,0.812,16.4,500.1,29682.22
MAIZE,5.8,18,0.602,33.1,673.6,24449.81
COTTON,9.03,37,0.638,29.1,354.4,10334.64
PULSES,5.65,39,0.702,20.2,668.6,5718.42
SUGARCANE,2.89,129,0.728,30.5,502.3,211596.59
COTTON,6.18,143,0.481,34.2,84.6,4450.97
PULSES,6.79,56,0.539,24.3,522.2,5091.52
RICE,5.84,105,0.608,29.1,395.7,18942.25
WHEAT,3.62,33,0.752,16.3,204.6,11999.13
COTTON,2.33,119,0.746,17.7,409.1,3365.37
MAIZE,9.76,100,0.189,28.0,534.8,23974.41
MAIZE,1.39,88,0.808,29.4,658.1,8771.56
PULSES,9.17,33,0.504,21.2,60.8,4802.65
RICE,6.66,49,0.684,30.2,464.6,30338.45
WHEAT,6.86,17,0.706,31.2,615.5,22957.52
SUGARCANE,3.42,220,0.829,16.8,551.2,237355.67
PULSES,1.12,53,0.705,27.3,482.0,1064.79
COTTON,3.84,148,0.416,18.9,79.2,3164.65
PULSES,1.78,51,0.298,27.5,431.4,661.6
COTTON,8.67,28,0.69,22.7,512.4,13849.5
SUGARCANE,6.14,99,0.841,19.8,336.7,467182.51
SUGARCANE,6.81,226,0.805,26.4,225.3,526323.77
RICE,5.9,21,0.55,25.8,615.9,19085.47
RICE,8.44,111,0.809,17.5,540.3,34621.13
MAIZE,0.52,64,0.523,18.8,357.6,2421.51
MAIZE,6.91,78,0.629,20.1,404.5,31849.66
PULSES,5.5,65,0.174,15.7,376.0,1836.95
MAIZE,2.17,41,0.442,33.9,758.5,8901.84
MAIZE,0.7,44,0.814,15.4,696.5,4017.91
SUGARCANE,6.52,277,0.637,27.2,709.4,380497.51
PULSES,8.72,41,0.811,27.1,770.1,8445.8
WHEAT,3.57,34,0.513,21.6,244.0,8796.12
SUGARCANE,5.47,12,0.768,26.8,255.5,423316.11
COTTON,2.52,80,0.314,27.2,351.5,1493.45
COTTON,4.58,147,0.462,15.3,575.6,4925.42
PULSES,0.71,65,0.667,20.2,380.2,673.52
RICE,9.65,37,0.463,34.0,586.9,27416.9
RICE,3.7,71,0.501,29.6,50.0,8154.32
SUGARCANE,7.42,226,0.299,22.7,546.6,202789.54
PULSES,6.99,36,0.691,34.3,508.0,5964.23
COTTON,5.97,93,0.845,33.5,293.2,8715.65
PULSES,3.68,62,0.791,30.8,222.0,3586.06
RICE,1.79,101,0.463,18.6,470.7,5482.9
PULSES,5.6,31,0.592,17.5,769.2,3753.81
MAIZE,1.03,97,0.529,32.4,799.2,4172.07
WHEAT,7.68,87,0.808,27.6,620.4,26356.05
PULSES,3.23,41,0.498,26.2,88.8,1609.26
MAIZE,5.37,38,0.818,15.4,109.6,22918.22
COTTON,5.72,106,0.42,31.1,536.4,6521.85
MAIZE,6.61,74,0.435,32.4,581.1,26860.03
SUGARCANE,4.07,253,0.693,21.6,160.0,327346.96
PULSES,4.51,42,0.706,27.6,243.6,4468.77
SUGARCANE,4.09,135,0.757,28.5,162.9,306185.98
COTTON,6.96,32,0.818,33.0,386.4,9487.93
RICE,8.92,48,0.721,24.2,371.0,39935.63
WHEAT,4.19,110,0.713,15.8,510.7,13817.47
SUGARCANE,5.14,263,0.749,30.5,330.8,386780.56
MAIZE,6.68,46,0.571,17.8,315.6,27963.76
PULSES,4.87,42,0.609,34.2,638.0,2973.35
COTTON,4.49,131,0.703,18.0,768.7,7393.7
COTTON,3.87,88,0.72,21.0,107.0,4583.55
WHEAT,6.69,63,0.768,30.8,532.5,22480.89
MAIZE,7.52,62,0.721,25.1,231.6,48592.23
MAIZE,3.76,77,0.332,28.1,367.0,8794.79
WHEAT,9.18,43,0.225,15.6,562.7,11014.71
RICE,8.69,14,0.656,35.0,602.6,31103.53
PULSES,2.83,49,0.801,22.2,366.1,2683.65
PULSES,7.77,74,0.797,31.7,795.2,7374.43
RICE,6.99,50,0.8,24.0,746.9,30453.95
RICE,3.46,49,0.735,16.9,532.1,13904.26
SUGARCANE,5.13,10,0.742,26.7,349.9,400970.64
COTTON,5.7,47,0.404,22.5,149.9,4742.09
SUGARCANE,6.07,18,0.774,20.5,173.1,454895.28
WHEAT,0.53,56,0.687,23.5,264.3,1775.56
MAIZE,8.46,97,0.757,18.5,166.7,54458.95
MAIZE,1.14,21,0.725,21.2,280.6,7800.59
WHEAT,5.74,33,0.797,25.0,175.7,20114.3
MAIZE,8.36,10,0.771,20.6,62.5,40157.28
PULSES,2.08,38,0.515,19.5,318.0,1435.01
PULSES,6.98,62,0.835,32.3,409.3,5636.09
RICE,9.71,56,0.785,15.2,316.5,37966.68
MAIZE,9.06,63,0.528,16.6,207.5,39616.7
SUGARCANE,7.87,196,0.567,24.8,501.7,433832.75
SUGARCANE,8.16,39,0.525,29.1,558.1,478595.5
WHEAT,9.73,106,0.812,31.8,779.8,32915.93
COTTON,3.78,55,0.691,32.1,490.7,5201.28
SUGARCANE,1.37,31,0.638,34.2,98.8,44544.63
COTTON,2.3,42,0.636,18.5,736.0,2650.37
SUGARCANE,8.82,304,0.818,34.6,685.2,596920.19
PULSES,9.28,32,0.713,24.4,194.9,8811.15
RICE,3.31,61,0.7,21.6,530.8,14363.66
RICE,9.55,51,0.688,31.2,272.6,41808.98
SUGARCANE,1.34,61,0.548,32.8,355.5,64510.57
MAIZE,6.8,50,0.731,31.8,374.1,45998.91
MAIZE,3.59,48,0.762,34.5,498.2,19330.84
COTTON,9.42,78,0.661,21.1,111.5,11008.62
PULSES,8.14,12,0.671,28.9,336.8,8172.0
PULSES,6.35,12,0.801,31.8,576.7,6303.12
WHEAT,2.02,74,0.798,23.1,156.0,7340.94
WHEAT,1.94,31,0.52,33.6,351.6,4284.92
COTTON,8.44,107,0.109,18.9,253.2,5100.93
PULSES,1.32,10,0.764,17.8,649.7,1191.8
PULSES,3.84,26,0.532,24.1,577.6,2670.22
RICE,0.94,92,0.619,20.3,304.7,3006.0
WHEAT,2.91,58,0.838,17.9,312.2,9030.12
WHEAT,9.06,21,0.849,32.7,652.1,25814.68
WHEAT,9.18,112,0.726,20.8,71.5,23278.42
WHEAT,2.99,117,0.603,32.7,247.6,6802.03
COTTON,7.08,97,0.766,20.1,112.6,8179.59
PULSES,6.05,52,0.843,20.2,76.5,4360.6
MAIZE,6.46,55,0.677,25.3,419.1,42672.92
SUGARCANE,4.71,205,0.789,33.2,510.0,318429.69
RICE,2.46,94,0.221,17.6,745.6,3664.03
RICE,8.9,22,0.608,26.1,56.8,19496.3
SUGARCANE,3.13,238,0.123,26.5,61.6,61402.84
WHEAT,3.63,75,0.525,31.0,624.0,9506.4
SUGARCANE,2.1,301,0.665,29.2,141.5,112732.73
SUGARCANE,7.45,195,0.738,26.2,491.4,595603.87
PULSES,4.38,37,0.597,21.6,215.8,3203.27
COTTON,5.19,75,0.582,23.1,520.1,6382.59
COTTON,8.43,94,0.782,26.9,175.1,14291.04
PULSES,5.58,33,0.438,33.1,587.7,3551.92
RICE,5.51,29,0.692,23.7,432.5,23863.0
SUGARCANE,7.41,358,0.222,33.1,529.4,176400.01
SUGARCANE,9.52,152,0.76,24.6,251.6,716966.37
MAIZE,8.39,70,0.666,22.1,200.5,57797.32
MAIZE,9.02,97,0.479,27.6,742.8,44162.01
COTTON,3.11,127,0.125,28.7,579.3,1827.03
SUGARCANE,4.16,90,0.715,17.4,611.1,277270.1
SUGARCANE,6.38,227,0.695,27.3,316.7,482333.49
MAIZE,7.9,65,0.672,23.1,447.0,51758.17
PULSES,0.58,16,0.691,29.7,663.6,548.99
RICE,4.26,34,0.421,29.7,481.7,13839.49
WHEAT,2.14,81,0.755,30.2,643.9,7318.09
PULSES,6.2,71,0.761,26.4,439.9,5987.03
PULSES,7.09,20,0.61,34.4,255.9,4466.49
WHEAT,9.14,11,0.821,32.4,379.0,26641.36
SUGARCANE,4.29,258,0.719,20.2,362.6,314334.51
WHEAT,6.06,110,0.828,24.7,250.5,21859.66
COTTON,6.51,45,0.66,21.7,204.7,11198.21
MAIZE,6.43,18,0.788,29.2,665.8,41797.29
COTTON,7.52,49,0.487,15.9,785.8,8429.8
MAIZE,9.71,102,0.588,31.8,213.1,45423.69
RICE,6.9,68,0.714,17.8,735.6,27013.26
COTTON,2.97,104,0.778,20.3,611.3,4656.71
SUGARCANE,6.29,21,0.599,16.6,636.0,318999.78
SUGARCANE,9.41,320,0.741,22.5,101.4,510880.59
PULSES,3.13,22,0.545,18.3,204.5,2163.53
MAIZE,6.39,32,0.785,19.9,635.5,41483.8
SUGARCANE,5.02,235,0.72,30.6,486.8,368631.62
RICE,3.94,48,0.463,30.9,207.7,13030.8
WHEAT,9.85,120,0.781,17.0,694.9,32143.14
WHEAT,9.53,10,0.464,27.2,723.2,24364.78
PULSES,2.79,24,0.722,24.3,143.7,1846.65
RICE,1.54,52,0.511,32.2,624.9,4236.79
MAIZE,2.78,19,0.558,28.9,412.8,12907.58
MAIZE,4.95,74,0.701,19.5,252.8,34193.74
PULSES,5.13,22,0.716,28.0,400.7,5139.43
MAIZE,1.94,28,0.843,22.0,63.2,9209.5
PULSES,6.03,54,0.77,31.7,321.6,5970.65
PULSES,4.38,15,0.83,25.6,731.8,4391.73
RICE,7.88,62,0.693,29.7,640.3,35150.76
COTTON,0.52,14,0.7,31.1,797.8,853.25
PULSES,1.41,73,0.517,31.2,665.4,989.37
MAIZE,1.68,54,0.537,34.9,438.7,6660.25
MAIZE,4.04,108,0.675,15.5,506.4,23729.56
RICE,1.24,54,0.407,31.9,618.5,3943.53
RICE,9.43,68,0.779,26.5,416.7,41211.83
SUGARCANE,2.19,280,0.786,23.0,577.7,162050.77
MAIZE,5.99,109,0.76,30.8,489.0,39317.23
PULSES,2.87,35,0.517,19.8,709.4,2127.48
PULSES,5.51,62,0.662,17.6,450.5,4769.2
RICE,9.69,39,0.597,30.1,509.1,29688.33
WHEAT,0.95,129,0.19,24.8,282.3,1229.92
COTTON,4.35,67,0.792,29.5,360.5,7370.31
RICE,9.53,44,0.654,29.1,690.6,43572.82
RICE,6.81,68,0.455,22.3,521.7,22540.51
SUGARCANE,8.23,209,0.523,34.5,307.0,409321.17
PULSES,4.44,70,0.627,29.2,649.9,3082.19
SUGARCANE,8.71,277,0.838,17.1,657.7,613998.2
WHEAT,8.07,52,0.775,18.3,700.1,29273.09
RICE,9.27,84,0.778,26.4,783.8,42186.63
SUGARCANE,8.72,211,0.32,24.0,248.1,247312.48
COTTON,9.19,64,0.787,21.3,264.8,14521.19
SUGARCANE,1.43,362,0.82,33.1,307.0,90915.13
COTTON,2.28,14,0.435,19.1,669.1,2775.25
RICE,7.06,37,0.84,23.6,275.7,29820.56
MAIZE,8.69,20,0.784,18.3,759.6,55983.44
SUGARCANE,2.82,134,0.845,33.0,133.5,128460.78
SUGARCANE,2.47,209,0.65,24.6,633.3,198180.53
COTTON,9.13,21,0.403,23.4,548.8,10885.32
SUGARCANE,2.75,248,0.798,22.5,412.4,215015.31
PULSES,8.46,63,0.669,17.9,261.5,7555.61
SUGARCANE,4.25,35,0.425,22.8,480.7,227164.24
PULSES,2.04,48,0.591,20.1,372.0,1439.21
SUGARCANE,6.32,215,0.794,28.7,223.0,495483.75
COTTON,7.95,74,0.537,34.3,589.5,8312.28
PULSES,0.65,48,0.813,35.0,578.9,552.24
PULSES,1.0,80,0.823,26.2,124.9,685.87
SUGARCANE,1.85,210,0.652,20.5,138.4,98040.92
WHEAT,1.14,73,0.496,17.8,706.0,2745.44
COTTON,8.06,45,0.735,29.7,617.5,13366.03
SUGARCANE,4.83,151,0.678,31.9,502.6,360715.02
MAIZE,5.68,106,0.71,28.6,516.2,35923.56
COTTON,3.94,71,0.478,16.7,283.6,4433.18
COTTON,5.95,98,0.825,29.7,278.2,10217.41
RICE,1.93,79,0.667,21.6,434.9,8606.46
PULSES,5.08,84,0.694,31.2,696.7,5005.96
COTTON,9.32,30,0.568,18.8,309.0,11184.35
RICE,8.99,48,0.701,33.7,336.5,33050.88
COTTON,2.91,69,0.551,26.8,206.6,3473.92
SUGARCANE,2.96,295,0.817,24.2,699.3,226451.81
RICE,0.59,45,0.715,34.1,682.1,2301.75
PULSES,4.82,39,0.553,24.4,227.3,3375.88
WHEAT,3.01,117,0.573,24.0,734.3,8078.27
MAIZE,9.95,53,0.65,25.9,722.7,68026.14
SUGARCANE,3.38,234,0.452,17.3,119.5,117391.38
RICE,8.64,118,0.747,24.1,634.6,38334.1
MAIZE,8.27,101,0.593,23.3,138.0,26696.56
COTTON,9.56,131,0.826,22.2,555.2,15539.11
MAIZE,4.88,75,0.741,18.3,562.3,31274.25
SUGARCANE,3.71,358,0.691,15.2,430.6,268843.31
COTTON,5.52,99,0.403,23.7,592.7,6775.63
WHEAT,9.26,114,0.754,33.6,636.3,27640.42
SUGARCANE,7.79,236,0.614,23.8,330.9,416211.36
PULSES,2.45,82,0.498,22.5,422.8,1779.75
PULSES,8.18,66,0.807,16.1,378.4,7097.69
MAIZE,1.67,80,0.684,28.2,74.4,7745.98
PULSES,9.2,46,0.696,28.7,632.2,8699.86
WHEAT,2.55,68,0.726,30.7,660.8,9325.7
COTTON,5.88,76,0.563,15.0,509.0,6448.43
WHEAT,3.74,110,0.678,21.1,152.4,12958.95
COTTON,7.3,22,0.727,33.8,240.4,10633.22
SUGARCANE,3.7,282,0.839,19.9,137.3,200998.66
SUGARCANE,7.94,141,0.72,21.2,157.4,629853.53
MAIZE,2.85,66,0.849,34.4,323.9,16469.3
COTTON,5.79,118,0.778,23.9,347.7,9724.26
RICE,2.67,85,0.149,20.0,106.4,2984.58
RICE,6.4,101,0.262,34.3,741.9,9096.92
SUGARCANE,6.79,286,0.536,30.5,169.6,394900.08
COTTON,2.43,29,0.682,21.2,321.7,3972.89
SUGARCANE,8.27,252,0.267,21.2,136.1,154122.62
WHEAT,7.72,139,0.651,21.5,576.2,26301.55
COTTON,3.47,30,0.654,28.6,598.0,5814.87
RICE,1.28,72,0.723,20.4,348.8,5648.8
SUGARCANE,1.81,44,0.828,23.1,148.7,97231.86
PULSES,7.53,22,0.731,28.6,385.5,7287.55
RICE,2.68,102,0.746,33.2,306.2,10258.69
WHEAT,2.42,105,0.749,33.0,566.6,7035.13
SUGARCANE,7.22,15,0.809,32.3,301.7,495128.49
WHEAT,2.68,112,0.704,28.3,306.7,9625.76
SUGARCANE,6.53,13,0.659,17.1,374.2,457475.34
COTTON,6.86,17,0.484,26.4,84.7,5963.15
WHEAT,5.72,100,0.695,18.0,473.8,20822.55
MAIZE,5.97,35,0.541,25.1,495.0,27518.76
SUGARCANE,9.66,333,0.365,31.2,108.0,195817.31
SUGARCANE,6.64,52,0.683,15.4,640.7,452524.84
COTTON,3.38,38,0.379,33.3,274.3,1777.36
WHEAT,6.04,50,0.719,16.6,744.3,18632.88
RICE,2.19,93,0.845,30.8,402.4,9587.37
PULSES,4.63,69,0.826,20.2,193.5,4494.65
PULSES,8.89,48,0.511,24.9,502.7,6635.72
MAIZE,5.03,53,0.318,32.0,217.1,12094.37
PULSES,6.65,30,0.537,30.3,219.8,4992.97
PULSES,0.68,47,0.744,32.3,770.8,579.46
PULSES,0.97,46,0.663,29.0,412.2,958.18
WHEAT,3.24,52,0.789,34.4,675.0,9331.42
MAIZE,6.14,14,0.806,19.6,496.6,38840.34
MAIZE,9.27,90,0.365,28.6,161.2,21673.39
PULSES,1.58,68,0.686,21.2,99.4,1093.99
MAIZE,4.5,110,0.652,16.3,249.4,27848.4
WHEAT,2.57,94,0.636,20.5,650.8,6357.87
SUGARCANE,5.62,134,0.631,27.9,292.3,312115.89
COTTON,9.16,133,0.591,16.6,314.7,10251.95
RICE,8.0,31,0.833,29.8,398.7,36183.39
COTTON,3.58,20,0.434,26.3,481.0,4383.28
PULSES,1.03,48,0.498,32.3,533.7,617.82
COTTON,5.28,73,0.569,21.4,544.0,6052.46
MAIZE,2.17,41,0.774,27.0,593.1,14679.94
PULSES,4.61,56,0.464,26.4,516.5,3254.73
WHEAT,7.0,112,0.705,32.1,604.5,21303.96
WHEAT,8.02,98,0.744,28.9,300.8,27378.2
SUGARCANE,1.44,123,0.837,19.6,305.3,112311.14
PULSES,2.48,33,0.223,17.0,184.0,786.9
COTTON,9.37,15,0.529,18.8,664.2,10858.65
WHEAT,2.69,21,0.665,16.0,236.4,8208.37
RICE,8.28,72,0.488,22.1,450.7,26492.44
SUGARCANE,9.58,146,0.568,20.5,164.2,544400.07
PULSES,6.91,53,0.664,26.9,167.2,7055.03
RICE,1.75,39,0.813,33.8,628.0,6267.08
RICE,8.52,115,0.382,21.9,66.0,9748.04
WHEAT,7.43,89,0.461,30.2,101.3,13598.09
COTTON,1.55,137,0.475,24.9,141.0,1358.22
COTTON,8.08,54,0.283,17.6,258.3,4252.39
COTTON,1.64,115,0.82,28.4,704.5,2748.52
PULSES,4.61,50,0.825,15.0,376.9,3932.18
RICE,3.25,17,0.762,22.7,656.5,14539.73
COTTON,6.16,127,0.473,28.7,569.5,7334.68
SUGARCANE,0.9,313,0.659,33.3,624.0,58419.61
RICE,8.57,103,0.68,31.6,443.3,37923.95
SUGARCANE,6.14,29,0.845,22.8,135.9,345450.39
SUGARCANE,5.47,218,0.237,25.7,314.2,153580.31
PULSES,3.86,63,0.113,22.0,76.4,981.59
MAIZE,9.94,107,0.802,22.6,182.1,62548.66
COTTON,9.52,134,0.65,27.8,465.5,15980.11
MAIZE,4.75,90,0.692,23.4,63.3,21979.6
PULSES,7.38,13,0.164,30.4,502.7,2776.97
SUGARCANE,7.72,309,0.537,17.1,241.5,407645.26
SUGARCANE,5.71,220,0.666,22.8,247.6,419239.35
COTTON,4.1,141,0.508,16.4,470.9,4544.4
RICE,1.3,48,0.659,28.4,646.7,5903.63
WHEAT,9.97,73,0.126,16.0,519.4,11415.26
SUGARCANE,9.35,18,0.432,25.6,771.0,519857.42
WHEAT,2.78,130,0.516,19.8,557.8,6831.72
COTTON,7.03,133,0.807,31.8,130.8,7943.59
COTTON,6.9,13,0.434,28.3,153.9,8176.46
MAIZE,3.7,13,0.639,20.9,794.4,17772.93
PULSES,7.34,82,0.76,19.2,685.0,7195.0
COTTON,2.75,140,0.712,16.9,210.9,3962.14
MAIZE,2.86,38,0.414,15.6,109.6,8409.42
WHEAT,6.34,67,0.243,34.5,258.5,6854.93
SUGARCANE,5.88,339,0.848,23.3,340.6,453302.62
COTTON,7.09,101,0.771,22.6,159.0,11295.14
MAIZE,6.5,17,0.675,15.7,218.3,40362.6
RICE,4.04,105,0.821,34.5,126.6,10428.04
PULSES,4.01,82,0.598,17.0,437.4,2632.01
SUGARCANE,8.88,16,0.733,23.6,582.2,704343.78
WHEAT,2.57,42,0.761,30.4,414.4,9149.72
SUGARCANE,5.79,109,0.715,24.5,508.6,460503.5
MAIZE,3.38,29,0.682,34.5,570.6,18296.57
SUGARCANE,5.67,211,0.664,32.4,226.0,355396.83
MAIZE,0.89,19,0.609,33.3,73.7,2453.51
PULSES,4.12,85,0.621,30.8,503.2,2891.81
SUGARCANE,4.38,206,0.703,33.6,641.0,297374.08
SUGARCANE,8.42,73,0.595,31.1,511.7,482536.48
COTTON,9.59,46,0.574,23.2,464.2,11826.84
MAIZE,1.1,15,0.666,16.9,616.7,6544.24
RICE,9.47,119,0.671,15.2,787.5,39082.36
PULSES,7.19,30,0.673,32.5,551.4,5935.26
COTTON,0.87,102,0.765,20.5,85.8,1055.02
COTTON,4.81,85,0.521,25.5,101.9,3918.35
MAIZE,8.19,55,0.494,21.3,143.9,28246.46
COTTON,3.62,130,0.808,24.1,250.8,5807.24
COTTON,3.02,144,0.771,19.6,506.3,5086.66
COTTON,7.6,83,0.813,23.1,275.3,11918.4
COTTON,0.66,52,0.812,22.0,755.2,1111.09
SUGARCANE,0.93,260,0.215,16.8,677.4,22454.53
SUGARCANE,6.22,339,0.731,16.9,291.6,426570.23
COTTON,9.34,15,0.738,34.0,350.0,13229.62
SUGARCANE,4.1,335,0.596,26.8,431.6,229984.91
COTTON,0.62,73,0.671,34.8,741.0,865.72
COTTON,0.54,28,0.84,30.3,216.4,889.26
SUGARCANE,9.12,314,0.69,34.8,77.7,418994.59
RICE,9.35,19,0.765,30.2,674.1,43166.97
MAIZE,6.35,31,0.178,20.9,758.6,15712.67
MAIZE,8.57,64,0.695,19.7,546.5,55447.94
SUGARCANE,7.44,185,0.682,26.4,131.7,412090.25
RICE,8.28,103,0.699,15.0,752.6,31331.01
SUGARCANE,7.1,309,0.727,23.1,311.0,558691.37
PULSES,1.56,88,0.816,19.7,795.8,1500.61
SUGARCANE,8.76,228,0.437,25.1,588.2,473500.11
WHEAT,8.03,99,0.49,21.6,545.9,21246.67
WHEAT,8.72,109,0.783,20.2,108.7,22400.07
WHEAT,3.1,61,0.615,24.6,506.7,7888.64
RICE,4.59,56,0.778,24.6,221.7,19831.32
SUGARCANE,1.69,72,0.718,22.9,658.6,130875.54
WHEAT,9.38,104,0.494,23.0,664.7,24097.12
SUGARCANE,4.75,62,0.292,27.6,295.7,132813.77
WHEAT,6.19,70,0.676,28.9,786.6,22277.52
COTTON,4.28,48,0.675,31.7,536.3,6941.43
SUGARCANE,9.28,209,0.102,28.3,637.8,267538.34
RICE,6.84,105,0.814,23.5,361.5,31137.59
COTTON,2.33,76,0.632,29.9,520.1,2679.1
RICE,8.63,10,0.798,25.2,541.4,36807.08
MAIZE,6.83,58,0.55,30.3,564.9,34061.45
PULSES,8.29,61,0.689,33.6,105.2,4767.83
MAIZE,5.53,73,0.627,24.3,521.1,26884.11
COTTON,8.63,102,0.31,16.4,153.9,4887.54
SUGARCANE,5.7,81,0.693,16.6,595.4,390966.49
MAIZE,1.65,59,0.776,34.5,217.5,8820.57
WHEAT,4.43,39,0.505,19.8,430.1,11133.11
PULSES,6.29,18,0.742,20.5,677.5,6007.5
SUGARCANE,6.83,302,0.558,34.6,154.9,338102.54
WHEAT,8.91,112,0.619,18.5,716.0,22217.46
SUGARCANE,2.97,329,0.819,18.3,189.9,221486.47
SUGARCANE,4.44,141,0.787,20.6,771.1,352185.45
PULSES,6.48,79,0.673,34.4,137.1,3744.18
WHEAT,2.6,119,0.771,25.4,290.4,9151.71
RICE,8.49,50,0.543,28.2,570.7,27904.04
COTTON,7.14,52,0.527,33.6,89.1,5313.24
SUGARCANE,1.43,87,0.796,34.1,765.3,93293.65
RICE,4.42,102,0.215,15.4,159.3,6252.78
MAIZE,1.19,10,0.714,28.2,492.1,8208.52
COTTON,7.81,126,0.331,18.9,672.9,4909.4
SUGARCANE,3.5,187,0.842,31.3,241.1,268191.28
PULSES,1.31,18,0.693,22.8,741.8,1233.59
PULSES,5.51,28,0.214,28.1,697.1,1905.06
WHEAT,3.97,84,0.438,19.2,647.4,10206.94
MAIZE,4.28,41,0.84,29.0,483.5,27304.88
MAIZE,9.95,81,0.743,34.2,678.9,53984.62
RICE,0.87,70,0.525,19.1,178.8,2767.68
PULSES,4.55,55,0.47,22.0,187.9,3266.81
RICE,1.11,67,0.532,17.8,402.5,3302.17
RICE,4.65,101,0.773,23.6,716.0,20724.41
MAIZE,1.13,89,0.479,21.6,563.3,5163.37
MAIZE,8.91,14,0.774,28.8,626.4,60040.96
WHEAT,4.58,54,0.66,19.2,58.1,11230.72
WHEAT,2.79,19,0.781,19.6,579.0,9516.75
MAIZE,6.99,91,0.849,21.6,203.5,44356.59
COTTON,7.79,46,0.534,32.3,133.9,5515.08
COTTON,2.6,118,0.588,27.2,677.1,3111.03
PULSES,3.4,41,0.65,22.5,732.4,3219.34
RICE,4.2,65,0.766,15.1,564.3,16278.39
PULSES,3.65,13,0.796,16.9,355.4,3135.95
COTTON,8.39,53,0.767,20.9,139.3,9211.81
RICE,6.71,113,0.765,29.1,124.0,21119.07
WHEAT,1.66,51,0.489,29.0,572.2,4093.71
SUGARCANE,9.39,176,0.76,34.7,535.9,622931.33
WHEAT,3.82,79,0.629,32.0,279.5,10263.33
WHEAT,9.41,60,0.659,17.1,136.9,20512.06
WHEAT,8.26,91,0.737,18.6,384.0,29201.09
SUGARCANE,2.18,30,0.847,20.5,490.7,175738.84
RICE,2.92,55,0.528,31.0,55.2,6710.36
COTTON,1.62,149,0.81,32.0,282.1,2780.21
WHEAT,6.29,66,0.791,34.2,626.1,19122.21
MAIZE,6.16,33,0.797,22.1,355.1,39928.97
COTTON,6.2,32,0.688,24.0,494.3,10279.36
RICE,7.23,107,0.732,17.9,705.5,28130.16
PULSES,1.49,59,0.764,32.8,317.5,1257.67
COTTON,9.16,19,0.426,22.0,746.3,10626.94
RICE,7.88,35,0.754,30.5,95.6,25278.62
WHEAT,3.09,120,0.417,28.4,526.7,8217.42
SUGARCANE,6.37,126,0.848,24.9,342.8,471156.23
RICE,7.6,103,0.545,27.8,483.0,25196.25
SUGARCANE,1.7,63,0.623,28.9,751.3,99125.72
WHEAT,2.51,134,0.612,28.5,711.9,6197.83
MAIZE,7.47,81,0.523,25.3,128.7,25784.33
MAIZE,7.87,83,0.789,16.0,732.0,47067.9
PULSES,0.54,40,0.707,26.6,508.8,549.73
PULSES,6.71,48,0.475,28.7,531.9,4711.7
MAIZE,3.13,15,0.766,31.6,607.9,19904.89
PULSES,7.83,53,0.696,30.4,672.8,8134.26
RICE,7.05,13,0.313,20.0,484.8,11753.31
WHEAT,9.25,94,0.285,32.2,605.6,10025.82
SUGARCANE,7.19,303,0.206,32.1,387.8,175508.33
PULSES,5.22,63,0.591,16.4,407.7,3318.1
WHEAT,9.91,19,0.841,19.2,797.1,35413.96
RICE,8.16,117,0.841,16.9,740.9,32755.72
WHEAT,3.5,16,0.401,25.2,213.4,9035.15
WHEAT,2.31,138,0.653,33.1,356.6,6972.25
MAIZE,1.73,80,0.803,29.6,218.2,11720.55
WHEAT,9.33,110,0.682,19.8,570.8,33534.34
RICE,3.21,67,0.769,16.1,154.7,12238.68
MAIZE,5.08,19,0.808,21.6,75.0,22866.49
MAIZE,3.48,54,0.637,15.8,786.5,14337.17
COTTON,1.58,74,0.734,21.2,752.8,2683.38
SUGARCANE,3.1,250,0.427,18.2,463.3,169247.53
PULSES,6.17,28,0.796,30.7,682.1,6001.36
COTTON,7.48,36,0.149,18.0,783.8,4554.92
PULSES,7.25,13,0.709,23.4,571.2,6996.87
RICE,9.4,57,0.812,21.8,299.7,39813.42
COTTON,2.52,95,0.75,24.7,454.2,4283.58
MAIZE,9.27,37,0.677,23.2,789.6,61650.4
SUGARCANE,1.09,357,0.408,25.4,570.7,63022.64
COTTON,5.87,46,0.223,33.6,63.0,2189.25
WHEAT,1.92,123,0.717,15.5,128.1,4374.14
RICE,4.6,69,0.794,34.1,558.7,16640.82
RICE,2.47,118,0.712,15.7,377.3,9757.36
WHEAT,9.17,107,0.665,28.0,564.4,33101.21
WHEAT,6.09,28,0.438,33.4,637.4,13396.82
RICE,0.52,53,0.746,18.2,739.7,2183.24
RICE,9.03,26,0.523,28.0,383.4,28259.5
COTTON,7.9,90,0.762,24.8,456.1,13542.24
WHEAT,8.96,47,0.689,18.2,545.2,32581.87
PULSES,7.55,20,0.149,34.5,465.1,2403.07
MAIZE,4.45,63,0.766,17.7,710.8,26409.39
RICE,8.52,63,0.597,27.9,714.6,28493.08
COTTON,1.98,75,0.39,18.5,395.8,1182.42
COTTON,7.1,130,0.831,20.2,381.1,12078.71
PULSES,6.26,63,0.744,30.5,89.6,4309.54
WHEAT,9.1,138,0.629,18.1,279.7,23060.44
RICE,8.06,27,0.848,32.9,565.3,28851.81
PULSES,7.68,42,0.655,21.8,699.3,7279.71
SUGARCANE,9.44,27,0.796,23.0,436.5,748315.58
RICE,7.05,92,0.711,24.4,702.5,32068.83
PULSES,1.11,69,0.688,17.5,180.7,1014.9
MAIZE,1.77,97,0.847,28.4,252.5,12077.38
RICE,1.31,87,0.773,28.6,467.1,5776.85
RICE,9.34,25,0.788,30.6,563.9,41038.05
RICE,3.99,15,0.78,29.5,91.1,12691.07
RICE,3.21,38,0.76,22.5,382.0,13953.53
PULSES,1.94,47,0.784,21.6,100.5,1281.9
SUGARCANE,9.29,36,0.412,17.1,466.5,461760.27
PULSES,2.18,57,0.72,20.8,405.2,2198.36
PULSES,2.68,89,0.666,34.8,179.1,2345.7
COTTON,3.96,131,0.742,28.9,547.7,6819.58
PULSES,2.69,86,0.769,30.0,388.5,2612.3
WHEAT,3.79,108,0.563,30.3,243.4,9846.43
RICE,3.17,61,0.72,29.4,380.6,13305.48
PULSES,8.58,21,0.389,19.8,753.1,3238.08
WHEAT,8.75,118,0.495,26.5,637.5,22641.75
COTTON,5.57,106,0.401,25.6,307.6,6862.34
COTTON,3.36,21,0.525,27.3,343.2,4035.69
MAIZE,3.09,88,0.662,34.1,647.7,17340.65
WHEAT,3.19,21,0.507,20.3,70.1,5783.48
SUGARCANE,4.65,103,0.803,21.3,780.5,366522.81
RICE,1.42,24,0.843,33.2,438.6,5470.49
RICE,9.64,42,0.735,25.2,465.4,44517.57
MAIZE,6.17,31,0.721,26.5,138.3,28978.61
RICE,8.28,68,0.448,20.5,752.7,26580.45
RICE,8.91,28,0.5,18.1,512.1,29790.11
PULSES,9.36,11,0.716,25.9,173.0,9335.38
COTTON,9.25,150,0.572,17.8,98.2,7173.91
MAIZE,4.97,97,0.796,20.6,278.8,31178.04
WHEAT,6.05,126,0.24,26.0,239.1,7724.21
WHEAT,1.27,120,0.687,21.7,85.6,3057.75
WHEAT,6.4,56,0.823,31.8,514.8,22535.77
PULSES,6.38,85,0.252,33.8,298.0,1909.09
SUGARCANE,2.95,241,0.632,19.7,53.2,120474.53
WHEAT,7.36,64,0.828,15.1,296.2,23554.46
WHEAT,7.11,95,0.415,29.0,206.6,17977.5
WHEAT,5.4,16,0.818,31.8,446.0,19554.72
COTTON,6.24,118,0.561,23.1,740.8,7165.95
MAIZE,4.39,61,0.676,33.4,700.9,23549.45
COTTON,0.77,117,0.7,15.6,287.1,1112.81
COTTON,0.83,43,0.835,19.8,89.6,990.96
PULSES,2.17,72,0.733,28.0,263.2,2138.97
MAIZE,4.47,18,0.425,27.5,207.3,21881.96
COTTON,5.67,57,0.748,30.2,85.6,6480.15
RICE,3.53,48,0.822,21.6,351.0,15115.19
COTTON,3.6,85,0.836,18.3,690.9,6047.31
WHEAT,3.72,29,0.365,25.5,455.2,4729.6
RICE,9.16,50,0.547,22.8,741.8,29621.89
MAIZE,2.17,74,0.638,31.8,792.6,10362.89
RICE,3.62,15,0.784,31.8,175.7,16114.19
SUGARCANE,8.74,245,0.797,32.3,207.2,552546.24
RICE,2.48,65,0.252,34.6,145.1,2347.39
PULSES,5.07,59,0.839,29.0,633.3,4861.77
WHEAT,5.53,106,0.309,18.0,429.4,7370.57
COTTON,5.83,78,0.666,29.9,355.0,9779.03
WHEAT,8.33,78,0.483,32.4,617.6,18952.55
PULSES,4.0,41,0.735,18.9,537.8,4102.08
COTTON,5.25,19,0.716,21.8,317.3,8735.27
WHEAT,1.08,42,0.453,27.7,668.7,2673.62
MAIZE,8.25,67,0.107,29.2,641.5,18892.68
PULSES,9.72,52,0.708,23.2,502.7,9901.62
PULSES,2.62,84,0.614,34.7,536.9,1570.28
RICE,4.45,81,0.841,22.2,487.8,19849.48
MAIZE,4.3,92,0.756,31.8,789.9,27935.2
SUGARCANE,0.6,152,0.835,20.3,553.3,46197.51
WHEAT,2.47,55,0.417,28.8,262.6,6387.88
MAIZE,5.58,98,0.652,32.0,718.4,35867.35
SUGARCANE,2.99,170,0.769,31.8,769.2,228428.35
RICE,5.14,13,0.543,19.1,113.9,12024.87
RICE,2.64,41,0.656,17.3,591.0,10459.16
RICE,8.74,58,0.695,22.1,462.3,36738.33
SUGARCANE,7.86,48,0.785,33.9,324.5,499953.52
COTTON,3.16,60,0.742,17.6,542.0,4688.38
SUGARCANE,7.79,46,0.369,22.3,373.6,220759.14
COTTON,7.12,85,0.749,26.4,508.7,11596.28
MAIZE,0.74,53,0.78,28.8,340.0,4914.84
PULSES,1.29,24,0.723,32.8,679.9,1128.69
SUGARCANE,2.63,186,0.3,17.6,689.9,68906.39
WHEAT,8.19,25,0.359,30.5,533.9,10483.85
RICE,4.25,50,0.663,27.6,188.7,18324.82
MAIZE,5.17,100,0.68,31.1,80.3,24618.28
WHEAT,5.0,108,0.612,24.3,69.3,9166.66
SUGARCANE,1.84,39,0.796,28.7,231.5,144846.48
RICE,7.96,104,0.355,20.7,602.6,12319.37
WHEAT,9.99,121,0.779,30.9,66.5,24001.24
WHEAT,8.07,32,0.616,22.2,672.8,19966.63
COTTON,5.93,25,0.468,31.3,505.8,6940.15
WHEAT,8.1,70,0.194,23.1,114.8,7547.94
RICE,9.57,110,0.81,29.8,597.4,40984.66
SUGARCANE,7.25,252,0.693,30.3,517.6,568963.07
COTTON,4.56,116,0.749,20.8,146.3,5407.95
WHEAT,0.75,52,0.612,29.2,426.9,2014.83
RICE,1.38,85,0.535,18.3,444.2,4461.19
SUGARCANE,5.68,280,0.539,28.5,276.5,313641.63
WHEAT,1.61,37,0.609,15.7,165.6,3772.76
WHEAT,3.55,62,0.842,19.7,373.3,12949.08
COTTON,5.15,86,0.306,28.9,101.9,2159.59
RICE,8.65,37,0.616,16.8,136.4,17449.17
COTTON,3.26,92,0.407,19.8,204.5,3778.56
WHEAT,3.09,77,0.736,34.2,107.5,6726.92
COTTON,7.81,98,0.793,24.1,613.3,12439.98
PULSES,8.67,68,0.665,22.5,609.8,8255.14
RICE,8.43,94,0.778,29.6,119.6,27191.01
PULSES,7.57,17,0.828,30.1,782.4,7847.31
WHEAT,7.72,107,0.449,23.5,702.2,18819.92
MAIZE,6.14,45,0.769,31.7,347.7,41279.44
WHEAT,8.68,45,0.172,28.8,94.4,7771.95
PULSES,6.97,76,0.588,26.6,700.0,4800.45
PULSES,0.96,63,0.687,21.0,683.3,978.82
COTTON,3.71,146,0.47,32.6,456.3,3794.09
WHEAT,6.42,53,0.717,29.6,680.5,22582.33
WHEAT,5.48,93,0.343,17.8,330.4,6594.23
PULSES,3.11,50,0.133,27.4,135.7,789.68
COTTON,7.93,64,0.251,18.3,613.2,4723.92
SUGARCANE,5.83,115,0.748,22.9,471.9,454966.06
WHEAT,9.55,14,0.789,23.2,379.2,33679.47
COTTON,4.5,80,0.798,33.9,249.3,6243.65
COTTON,7.78,43,0.696,24.1,308.9,12411.65
COTTON,5.07,19,0.722,21.0,434.7,8040.01
MAIZE,2.9,20,0.686,17.3,283.7,16733.64
COTTON,8.97,28,0.726,17.0,340.0,12695.78
WHEAT,8.84,29,0.772,23.0,611.3,31996.45
MAIZE,3.73,90,0.844,33.2,181.6,20712.36
WHEAT,4.11,75,0.373,34.4,793.8,4471.6
RICE,9.89,113,0.708,31.0,254.5,44325.33
MAIZE,9.92,82,0.732,23.5,56.7,48087.44
RICE,1.38,62,0.433,24.9,162.4,4292.59
SUGARCANE,4.08,310,0.703,17.5,124.2,204991.33
COTTON,7.57,63,0.756,25.7,543.6,12958.59
SUGARCANE,3.59,357,0.405,30.8,195.3,191578.59
PULSES,6.24,20,0.834,22.2,457.7,5911.74
COTTON,8.13,76,0.581,33.9,230.4,8554.85
PULSES,2.89,44,0.799,24.5,397.5,2722.51
COTTON,2.14,134,0.196,28.2,301.5,1310.94
MAIZE,8.21,86,0.174,27.3,340.4,19853.9
MAIZE,1.81,20,0.318,24.5,571.5,4547.81
COTTON,1.74,97,0.652,15.2,361.2,2695.06
PULSES,8.71,67,0.711,26.6,637.4,8792.87
MAIZE,6.06,39,0.674,23.2,209.6,38907.92
WHEAT,4.51,134,0.565,28.7,84.6,7750.96
RICE,4.92,23,0.792,20.7,542.1,21536.45
RICE,7.51,40,0.704,35.0,759.9,28273.56
SUGARCANE,3.18,157,0.791,27.7,717.2,238621.54
PULSES,3.83,29,0.613,32.8,201.5,2276.75
WHEAT,6.91,130,0.606,28.2,480.3,17786.53
PULSES,2.48,27,0.715,20.5,392.3,2507.0
RICE,8.37,53,0.676,29.6,788.4,38064.65
COTTON,9.62,143,0.467,33.6,752.0,9800.27
SUGARCANE,1.65,223,0.71,23.0,240.9,129750.63
RICE,9.69,84,0.458,30.2,393.1,31939.0
WHEAT,7.45,87,0.517,34.2,660.0,16487.62
SUGARCANE,8.65,182,0.154,24.9,591.2,241784.69
MAIZE,5.82,103,0.651,24.4,470.4,36956.18
WHEAT,3.74,54,0.669,16.7,537.4,12169.28
RICE,5.73,30,0.497,26.4,489.2,18545.96
PULSES,4.36,12,0.736,33.2,682.7,3687.03
WHEAT,8.37,102,0.732,23.1,669.0,29549.63
RICE,7.8,10,0.445,34.9,404.3,21920.3
PULSES,6.14,12,0.812,24.7,632.5,6095.46
SUGARCANE,7.64,223,0.304,23.7,655.7,215632.23
WHEAT,0.85,18,0.828,25.3,254.7,2923.58
WHEAT,6.89,121,0.711,23.8,357.0,24699.33
SUGARCANE,4.39,40,0.592,28.5,251.8,241914.27
MAIZE,4.7,64,0.722,20.5,630.1,31050.5
SUGARCANE,1.48,310,0.745,22.0,694.3,117452.48
WHEAT,3.42,43,0.415,23.7,184.7,8852.78
WHEAT,1.05,42,0.493,34.0,241.8,2209.82
MAIZE,9.55,38,0.772,29.3,74.8,46296.2
MAIZE,7.87,15,0.455,16.7,436.2,32797.03
WHEAT,3.08,112,0.488,17.5,581.1,6883.51
PULSES,5.96,13,0.81,31.8,709.8,5841.07
COTTON,6.2,63,0.749,19.6,794.7,9851.0
SUGARCANE,9.46,214,0.839,25.4,399.0,757207.85
WHEAT,5.22,55,0.8,19.2,76.5,13260.69
PULSES,4.98,16,0.789,21.2,541.2,4807.43
RICE,2.44,67,0.69,19.7,621.2,10932.25
PULSES,6.45,75,0.706,23.0,624.5,6118.9
MAIZE,6.63,80,0.403,24.3,379.9,32118.19
PULSES,6.6,57,0.565,17.3,762.1,4307.32
COTTON,5.63,108,0.819,22.1,276.8,9597.91
WHEAT,1.41,135,0.529,19.4,515.5,3485.91
MAIZE,0.79,36,0.551,24.0,535.8,3978.12
SUGARCANE,4.57,281,0.691,29.5,149.6,258443.19
WHEAT,6.54,19,0.741,33.2,401.6,20382.26
PULSES,5.42,37,0.419,22.4,228.5,3744.2
SUGARCANE,4.05,307,0.501,21.9,322.1,217290.21
PULSES,7.41,26,0.729,23.7,733.6,7445.46
COTTON,6.56,19,0.742,34.8,420.7,9173.75
MAIZE,8.37,83,0.503,17.8,487.7,36968.92
RICE,8.96,10,0.717,21.2,692.4,38955.38
WHEAT,1.48,100,0.73,33.2,381.3,4297.93
PULSES,9.86,39,0.701,21.7,497.4,9280.38
SUGARCANE,5.85,174,0.469,22.2,634.0,332609.6
WHEAT,1.21,24,0.693,16.1,603.7,3676.51
PULSES,1.89,69,0.21,22.5,562.2,712.58
MAIZE,7.49,94,0.449,29.1,189.4,37559.32
WHEAT,3.21,139,0.763,27.0,99.0,8041.95
RICE,8.07,84,0.771,21.0,439.5,35139.89
PULSES,0.72,66,0.822,18.1,282.2,743.02
COTTON,7.85,60,0.523,27.3,522.6,9212.19
COTTON,9.92,24,0.548,15.5,198.4,10281.55
COTTON,3.28,103,0.534,15.3,312.6,3539.16
WHEAT,7.3,117,0.765,21.0,735.6,26448.31
PULSES,9.62,39,0.804,32.6,608.2,8327.06
PULSES,3.59,74,0.109,21.6,377.6,1346.47
RICE,5.75,66,0.829,29.8,381.9,25536.34
SUGARCANE,5.27,237,0.813,22.1,504.7,401865.06
MAIZE,6.38,74,0.682,21.5,162.3,40192.42
SUGARCANE,6.63,354,0.729,27.2,529.8,498524.13
WHEAT,3.33,69,0.756,26.9,182.6,11266.92
RICE,7.02,59,0.697,24.0,53.8,21720.85
WHEAT,3.64,89,0.708,23.5,728.5,12924.79
RICE,2.51,61,0.705,23.6,735.5,10627.12
PULSES,8.87,64,0.685,31.2,83.2,6303.38
PULSES,5.96,61,0.635,26.0,356.6,4292.36
PULSES,1.17,82,0.113,30.8,277.0,413.36
SUGARCANE,2.61,120,0.819,23.3,586.3,198982.26
RICE,8.24,75,0.8,30.3,69.4,25597.77
COTTON,2.33,142,0.848,32.7,101.4,2368.81
MAIZE,8.63,22,0.127,22.5,91.1,14857.49
PULSES,8.18,86,0.764,26.6,192.3,8018.17
PULSES,4.05,55,0.765,28.4,604.8,4046.83
SUGARCANE,4.41,234,0.737,28.2,107.6,225999.14
RICE,6.6,88,0.273,19.1,172.2,10914.37
SUGARCANE,9.12,197,0.834,29.0,500.1,673007.81
SUGARCANE,2.59,81,0.689,26.5,172.4,192146.2
SUGARCANE,8.78,145,0.66,34.8,209.9,596072.96
RICE,9.39,70,0.754,22.0,165.9,41105.15
SUGARCANE,0.57,214,0.788,32.9,786.2,38817.84
PULSES,1.75,14,0.62,34.9,493.9,1106.36
RICE,4.58,72,0.44,17.4,373.7,13627.61
RICE,5.65,25,0.432,28.4,533.8,17591.88
PULSES,6.34,87,0.157,18.6,317.9,2367.95
SUGARCANE,7.81,307,0.433,23.6,163.0,420522.61
MAIZE,8.25,53,0.533,28.8,575.8,41565.91
RICE,8.54,84,0.552,26.4,353.4,27458.01
MAIZE,3.91,54,0.663,30.1,681.9,26561.1
RICE,5.43,61,0.586,33.8,717.5,15166.43
MAIZE,2.92,62,0.61,29.0,568.8,14015.39
RICE,2.94,112,0.602,20.5,472.9,9185.61
SUGARCANE,8.82,25,0.403,28.6,687.2,485642.75
SUGARCANE,0.83,77,0.51,21.8,374.1,46747.27
PULSES,6.37,79,0.201,28.1,415.3,2211.03
MAIZE,1.24,28,0.558,20.8,319.3,6207.88
PULSES,4.71,65,0.82,28.5,520.3,4563.89
COTTON,7.65,31,0.594,18.9,121.8,6707.56
MAIZE,5.21,77,0.216,24.4,270.1,12769.33
SUGARCANE,3.54,17,0.806,28.7,147.1,196656.84
COTTON,1.31,109,0.804,25.8,376.5,2219.43
MAIZE,6.17,26,0.838,32.5,495.9,35068.27
PULSES,4.42,15,0.724,18.1,423.2,4371.89
PULSES,3.31,30,0.723,33.7,763.9,2703.55
PULSES,9.41,51,0.686,19.1,163.5,9621.28
COTTON,8.4,10,0.799,25.4,514.5,13998.88
RICE,4.8,23,0.82,21.8,162.6,21385.98
PULSES,9.02,52,0.668,29.4,436.3,8815.02
COTTON,0.66,68,0.68,18.0,594.2,1111.99
RICE,6.24,28,0.268,33.3,716.8,8254.06
RICE,8.03,45,0.286,16.5,696.6,11918.71
SUGARCANE,9.3,258,0.703,33.1,693.6,619696.96
PULSES,4.92,71,0.759,28.8,277.8,4995.65
RICE,9.32,64,0.143,16.9,419.1,14011.75
PULSES,9.06,76,0.672,15.3,82.0,5753.04
COTTON,1.93,89,0.732,34.9,439.5,2738.37
COTTON,8.2,95,0.745,34.4,632.2,11927.1
WHEAT,4.46,86,0.84,17.9,611.7,14824.64
PULSES,1.92,49,0.687,27.8,201.9,1827.95
COTTON,9.71,57,0.716,34.7,238.8,13435.14
SUGARCANE,7.49,105,0.744,15.1,246.5,513695.67
COTTON,4.11,106,0.528,25.8,777.4,4832.98
PULSES,7.11,74,0.795,17.6,519.3,6216.8
RICE,7.0,115,0.832,26.1,503.1,29576.39
PULSES,1.79,26,0.781,24.6,271.7,1842.71
RICE,2.94,43,0.777,17.4,654.0,11155.3
MAIZE,3.88,85,0.543,33.6,314.4,15769.23
MAIZE,9.35,37,0.809,32.0,122.5,41566.23
MAIZE,2.65,41,0.589,33.7,173.5,10738.63
SUGARCANE,4.94,57,0.659,19.1,524.9,369968.49
MAIZE,6.2,73,0.792,29.0,660.3,41807.72
PULSES,1.15,77,0.668,33.7,433.8,924.53
PULSES,9.96,26,0.765,18.1,505.3,9581.7
COTTON,9.79,66,0.748,20.8,700.6,16884.57
WHEAT,2.54,51,0.696,27.0,248.0,8530.38
COTTON,0.63,125,0.674,21.2,756.4,1064.22
SUGARCANE,2.57,212,0.712,24.4,693.9,193058.28
COTTON,0.67,113,0.822,34.6,314.9,893.87
PULSES,9.69,58,0.14,32.1,462.2,2862.74
WHEAT,7.98,42,0.816,19.3,692.3,27851.79
SUGARCANE,2.07,294,0.583,17.7,246.1,107358.14
SUGARCANE,2.46,15,0.309,22.2,489.7,71211.78
SUGARCANE,2.08,28,0.216,34.3,74.3,33866.75
MAIZE,9.89,22,0.7,33.3,204.2,54595.46
PULSES,3.13,81,0.843,28.2,786.1,3191.15
MAIZE,1.43,43,0.656,22.8,226.3,9492.11
RICE,5.0,100,0.762,29.5,219.1,21727.78
PULSES,9.52,22,0.732,21.8,312.2,9294.2
SUGARCANE,8.16,200,0.702,16.5,235.1,569661.77
WHEAT,9.25,63,0.498,33.2,345.4,20281.38
WHEAT,5.14,128,0.748,24.8,476.0,17841.09
SUGARCANE,4.54,116,0.474,24.7,798.8,243383.28
MAIZE,2.59,81,0.76,25.9,273.3,16978.36
COTTON,8.62,59,0.771,28.6,417.5,14089.36
MAIZE,8.73,14,0.666,27.2,300.7,57766.02
RICE,3.42,33,0.499,20.0,513.9,11226.51
MAIZE,9.93,87,0.651,29.5,763.1,62898.45
COTTON,7.88,74,0.569,15.4,679.4,8919.55
PULSES,6.23,21,0.831,19.5,546.1,5875.82
COTTON,6.32,107,0.696,24.0,783.4,10515.63
COTTON,1.62,56,0.51,23.6,217.8,1880.52
MAIZE,5.33,59,0.738,18.2,250.2,34696.31
COTTON,1.48,103,0.786,27.4,167.7,2533.93
COTTON,0.57,39,0.474,27.4,675.2,681.71
COTTON,2.45,56,0.604,15.1,774.8,2625.89
MAIZE,4.36,80,0.608,28.7,365.1,20013.1
SUGARCANE,3.76,319,0.838,25.0,789.7,288907.65
SUGARCANE,3.29,118,0.366,34.9,358.0,76513.13
COTTON,0.99,107,0.748,31.8,543.4,1696.39
MAIZE,6.15,43,0.524,28.1,340.4,29871.35
SUGARCANE,6.51,236,0.484,31.8,656.9,355030.89
COTTON,9.12,91,0.572,17.6,67.6,6801.33
COTTON,5.2,11,0.705,31.6,443.2,8492.8
WHEAT,6.6,76,0.655,23.8,661.1,22720.1
RICE,7.84,71,0.725,25.6,199.0,34612.18
COTTON,6.01,57,0.429,23.1,334.8,7555.3
SUGARCANE,0.91,151,0.407,19.4,206.8,53342.84
MAIZE,1.33,10,0.493,18.5,792.1,6229.23
RICE,3.49,15,0.611,23.2,437.4,11580.49
COTTON,6.5,120,0.828,33.5,400.5,9250.91
MAIZE,7.07,110,0.214,23.6,78.0,11543.14
WHEAT,9.08,60,0.537,24.5,133.6,16425.34
RICE,7.23,107,0.814,16.4,707.8,27259.81
PULSES,5.15,15,0.757,28.6,497.2,4902.2
MAIZE,9.78,43,0.742,26.3,402.0,64666.57
WHEAT,8.7,15,0.703,19.3,291.1,31733.24
MAIZE,3.06,70,0.692,21.8,759.4,21026.63
PULSES,7.7,33,0.687,24.3,594.6,7897.97
COTTON,3.67,130,0.667,31.9,574.7,6164.62
RICE,9.44,86,0.827,23.0,121.1,28256.5
RICE,1.71,72,0.723,27.9,440.7,7371.71
PULSES,1.47,36,0.172,23.2,425.4,503.22
PULSES,5.3,11,0.663,15.9,652.0,4677.18
PULSES,3.95,13,0.464,24.9,774.2,2851.88
SUGARCANE,6.97,164,0.796,25.2,197.2,510426.0
MAIZE,5.42,108,0.693,33.6,296.4,29751.7
PULSES,0.57,47,0.549,24.6,435.6,415.09
WHEAT,1.62,125,0.814,19.9,547.4,5639.65
MAIZE,2.83,20,0.799,21.5,518.1,19291.81
MAIZE,9.94,15,0.782,33.0,797.4,56252.02
RICE,2.4,33,0.11,27.5,328.8,3649.95
PULSES,8.34,29,0.775,16.1,607.4,7177.51
PULSES,0.86,26,0.544,27.4,335.8,601.8
SUGARCANE,8.31,94,0.204,34.3,314.5,207054.84
WHEAT,0.78,40,0.466,30.9,95.1,1353.03
COTTON,2.48,51,0.679,34.5,506.9,3379.07
SUGARCANE,9.78,177,0.708,19.0,548.2,755447.2
PULSES,0.87,59,0.137,33.2,275.7,276.19
PULSES,0.81,40,0.116,34.2,273.0,242.6
COTTON,2.57,142,0.801,24.7,385.3,4115.22
SUGARCANE,9.44,86,0.793,27.8,295.6,728789.27
RICE,4.06,20,0.747,32.2,190.8,15207.51
WHEAT,4.65,80,0.541,32.4,123.8,6971.89
MAIZE,3.97,69,0.586,30.7,546.0,18254.25
MAIZE,6.12,41,0.753,26.5,595.9,41815.38
SUGARCANE,3.62,165,0.75,22.8,556.4,274240.7
PULSES,7.74,75,0.767,17.3,584.7,6775.89
RICE,5.35,27,0.469,29.2,80.8,12484.27
RICE,4.71,118,0.836,21.9,314.2,21133.86
WHEAT,4.0,95,0.666,16.2,617.5,12208.34
WHEAT,4.74,94,0.804,24.0,422.5,16673.39
MAIZE,5.96,33,0.826,17.3,212.6,35216.1
MAIZE,7.5,41,0.744,15.8,420.1,45488.65
MAIZE,8.98,86,0.259,21.2,566.0,21371.08
MAIZE,9.26,23,0.677,28.6,305.7,60637.91
COTTON,1.62,94,0.694,33.0,747.6,2334.88
COTTON,4.74,15,0.675,18.1,631.9,7549.65
WHEAT,6.96,111,0.811,33.8,662.8,21758.16
PULSES,6.46,45,0.831,27.7,87.1,4404.7
MAIZE,3.7,40,0.485,27.4,302.2,18347.46
COTTON,8.11,41,0.762,34.4,211.0,11229.84
PULSES,5.09,63,0.661,31.4,509.6,5169.43
MAIZE,9.89,105,0.656,23.3,588.2,63927.42
RICE,5.0,57,0.297,26.2,624.5,7674.79
PULSES,6.0,84,0.728,22.7,84.7,4340.17
PULSES,9.67,18,0.501,25.5,766.7,7229.31
SUGARCANE,5.69,340,0.635,15.7,328.9,294303.06
WHEAT,6.17,33,0.818,18.5,171.3,21251.53
RICE,6.31,34,0.576,29.2,755.3,20057.58
COTTON,6.08,57,0.293,32.8,457.5,3143.06
SUGARCANE,2.11,345,0.118,25.6,208.4,57881.59
COTTON,5.44,115,0.504,20.0,711.5,6776.51
WHEAT,7.52,69,0.79,18.7,189.8,27174.31
COTTON,3.27,81,0.813,21.1,686.2,5264.74
PULSES,5.81,31,0.544,23.7,229.7,4222.47
PULSES,3.61,21,0.532,23.9,691.1,2540.1
SUGARCANE,2.1,208,0.783,21.1,762.4,159824.64
SUGARCANE,2.56,301,0.48,16.8,295.3,132999.05
COTTON,3.45,46,0.706,33.8,520.0,4980.03
SUGARCANE,7.71,294,0.334,20.4,766.4,213475.12
COTTON,6.84,142,0.829,28.2,453.3,11669.48
SUGARCANE,7.92,84,0.804,27.6,710.8,587666.36
COTTON,5.82,45,0.66,24.4,222.8,9801.78
MAIZE,1.01,59,0.415,25.3,419.0,4751.43
SUGARCANE,9.65,263,0.66,20.3,297.3,749300.66
PULSES,8.1,51,0.508,23.0,664.6,6074.64
MAIZE,8.34,68,0.762,15.0,715.0,48733.71
PULSES,1.75,60,0.515,23.5,529.4,1315.52
MAIZE,2.54,63,0.148,15.7,358.3,5352.18
COTTON,3.87,74,0.443,16.2,163.2,4380.51
SUGARCANE,4.6,138,0.67,22.4,88.0,243620.81
PULSES,5.96,83,0.201,33.9,66.3,1256.25
MAIZE,6.46,40,0.826,25.9,87.2,28614.36
MAIZE,9.89,33,0.57,25.0,746.8,49366.34
COTTON,7.25,62,0.748,26.8,587.5,12296.75
WHEAT,2.47,34,0.658,34.6,650.3,7475.67
RICE,7.5,72,0.723,17.5,111.1,20306.16
COTTON,9.05,85,0.803,22.2,498.9,14684.25
WHEAT,4.99,56,0.774,16.9,134.8,10833.37
MAIZE,9.08,74,0.411,33.8,54.7,25890.94
PULSES,9.02,56,0.658,16.5,496.5,7758.06
WHEAT,1.53,126,0.811,19.0,394.9,5268.47
COTTON,2.77,49,0.699,27.2,382.6,4455.74
RICE,2.21,64,0.73,15.9,216.2,8665.58
COTTON,9.7,96,0.734,17.9,390.3,14162.15
WHEAT,4.5,45,0.562,23.1,718.7,11804.99
WHEAT,4.82,90,0.652,34.2,727.6,14919.64
PULSES,9.27,80,0.735,15.1,396.8,7909.38
RICE,9.73,20,0.422,22.7,702.1,31443.71
WHEAT,9.73,103,0.445,31.1,620.2,25952.59
RICE,6.48,57,0.706,26.7,289.8,27319.92
COTTON,3.64,24,0.54,18.8,695.5,4458.1
WHEAT,0.8,79,0.787,23.2,446.2,2769.35
PULSES,3.64,24,0.679,15.7,101.6,2332.66
RICE,3.57,49,0.657,21.3,87.4,10689.22
MAIZE,4.22,56,0.454,23.3,623.0,19256.39
COTTON,7.23,104,0.446,29.0,89.7,6120.35
SUGARCANE,9.05,71,0.848,19.7,746.8,664307.44
PULSES,1.89,69,0.843,20.4,96.1,1351.54
MAIZE,7.19,89,0.83,31.7,218.0,46088.13
PULSES,8.29,70,0.778,31.9,330.6,8231.05
COTTON,4.1,123,0.721,16.9,763.9,5928.22
PULSES,7.86,40,0.79,34.6,564.2,6760.44
SUGARCANE,1.3,203,0.532,19.9,537.8,72713.56
WHEAT,9.95,106,0.75,25.4,585.0,34175.37
MAIZE,0.91,54,0.592,20.9,794.6,4304.64
WHEAT,9.8,95,0.836,22.4,66.1,24141.07
COTTON,8.72,11,0.728,32.4,401.7,12695.43
MAIZE,4.54,93,0.153,17.2,546.2,9473.1
RICE,7.72,116,0.492,29.8,769.6,23768.41
COTTON,5.37,15,0.406,27.1,754.5,6263.75
RICE,6.08,18,0.819,15.1,466.8,24446.81
RICE,0.97,35,0.245,23.1,176.1,1478.14
PULSES,6.84,77,0.815,32.0,638.7,6490.33
PULSES,6.09,27,0.522,32.6,125.4,2625.44
COTTON,6.65,112,0.656,24.8,201.7,10772.73
SUGARCANE,3.94,298,0.638,31.3,162.0,217420.89
RICE,9.72,57,0.821,29.6,476.7,43788.13
COTTON,8.07,145,0.546,22.0,86.5,6681.81
COTTON,4.94,78,0.573,23.3,404.7,5846.85
RICE,5.73,103,0.795,20.2,387.0,26423.13
COTTON,4.79,71,0.847,33.6,550.0,7017.01
PULSES,5.73,37,0.725,27.1,492.7,5815.5
WHEAT,3.83,19,0.547,16.2,335.0,8607.39
PULSES,5.99,29,0.748,26.5,476.4,6204.17
SUGARCANE,2.3,199,0.658,27.5,234.0,178076.05
SUGARCANE,2.56,174,0.527,25.3,603.5,147416.05
MAIZE,2.71,52,0.443,28.8,89.9,9195.04
MAIZE,7.87,72,0.751,17.3,468.9,46295.43
PULSES,6.1,47,0.429,19.6,780.2,4524.04
WHEAT,6.0,31,0.742,23.6,729.2,20081.05
WHEAT,5.89,80,0.595,23.8,677.4,15295.79
RICE,3.5,71,0.519,24.7,683.8,10728.34
MAIZE,2.44,26,0.451,27.8,204.8,11416.43
PULSES,1.23,52,0.656,26.8,724.9,1212.76
RICE,6.38,75,0.807,22.6,576.4,27715.93
PULSES,3.85,63,0.772,18.9,482.5,3776.03
COTTON,8.95,127,0.334,25.7,293.4,5316.16
MAIZE,2.66,84,0.465,31.0,95.3,9131.42
RICE,3.35,119,0.8,24.5,516.7,14517.14
SUGARCANE,1.93,10,0.755,16.4,459.3,135626.5
COTTON,6.31,39,0.681,32.0,520.7,10146.44
COTTON,9.73,92,0.711,25.1,525.6,15413.52
MAIZE,7.31,14,0.472,22.4,89.9,23560.74
COTTON,3.22,51,0.71,33.8,731.4,4418.43
WHEAT,0.53,55,0.341,21.8,238.0,670.9
PULSES,7.11,28,0.537,15.1,677.4,4415.32
COTTON,2.84,85,0.727,33.3,738.7,4103.17
MAIZE,8.42,43,0.66,28.2,362.8,57217.52
WHEAT,9.3,29,0.766,30.5,131.3,22204.57
WHEAT,1.21,31,0.4,18.4,268.3,2975.77
MAIZE,4.29,59,0.831,21.7,239.8,29248.37
SUGARCANE,7.45,181,0.688,28.5,376.1,565599.19
RICE,1.83,53,0.273,33.4,296.6,2471.65
MAIZE,5.74,66,0.424,22.5,405.1,26643.98
RICE,7.19,32,0.473,18.6,114.2,16242.33
RICE,6.61,23,0.438,26.7,505.7,21159.99
MAIZE,1.55,10,0.452,25.3,321.4,7591.23
SUGARCANE,6.02,307,0.821,23.2,165.4,482348.82
WHEAT,8.3,17,0.71,15.9,88.7,19146.32
PULSES,3.38,49,0.846,25.3,440.4,3313.82
SUGARCANE,3.32,47,0.435,18.7,649.5,178941.01
PULSES,4.16,51,0.376,33.3,284.1,1244.08
PULSES,5.98,50,0.68,17.3,541.0,5537.27
RICE,2.31,76,0.677,17.0,352.0,9493.22
WHEAT,8.93,70,0.759,33.7,779.6,27325.78
WHEAT,8.87,74,0.839,24.5,111.3,21293.32
WHEAT,0.6,45,0.837,34.4,710.9,1733.97
SUGARCANE,4.53,30,0.514,15.6,629.6,231030.73
PULSES,2.38,85,0.518,29.1,724.8,1749.3
COTTON,3.37,148,0.615,25.0,697.4,3872.15
COTTON,6.68,55,0.602,16.0,230.8,7011.43
RICE,8.88,57,0.404,28.5,652.9,28695.46
COTTON,9.68,47,0.742,34.5,308.5,13145.63
MAIZE,3.25,18,0.812,34.8,494.5,17698.96
WHEAT,5.11,121,0.629,29.2,225.5,13148.2
PULSES,2.26,81,0.593,18.4,745.9,1639.66
COTTON,6.66,52,0.51,28.0,437.0,7974.5
PULSES,9.23,45,0.825,22.0,735.6,9387.41
WHEAT,1.25,104,0.664,16.6,369.8,3991.12
WHEAT,6.91,58,0.712,24.4,92.8,16186.57
COTTON,9.84,10,0.725,29.5,463.7,16681.4
MAIZE,5.88,94,0.772,33.3,198.4,32480.46
COTTON,5.29,116,0.664,25.9,58.6,6003.24
SUGARCANE,3.9,322,0.462,20.6,319.2,223821.84
WHEAT,9.05,95,0.689,31.9,191.7,30373.32
MAIZE,6.32,54,0.766,19.2,566.6,40084.12
PULSES,7.19,22,0.732,21.2,130.4,4848.33
COTTON,2.68,101,0.402,32.1,600.5,2665.75
COTTON,2.75,46,0.702,23.4,576.5,4693.26
COTTON,8.75,20,0.158,34.1,558.8,4335.98
SUGARCANE,1.56,274,0.663,30.8,444.7,121586.52
PULSES,5.92,39,0.822,28.5,606.3,6066.87
MAIZE,8.83,25,0.682,30.0,761.0,57829.91
COTTON,8.97,65,0.711,31.8,204.4,15526.51
RICE,9.03,78,0.682,19.8,662.3,40653.8
MAIZE,7.92,84,0.562,15.5,226.2,35678.02
RICE,5.34,12,0.733,25.9,329.2,22538.96
RICE,9.22,26,0.681,16.5,239.6,36671.75
COTTON,0.93,142,0.735,23.5,462.6,1539.56
PULSES,8.03,34,0.663,26.4,480.5,8237.38
RICE,2.49,26,0.181,27.9,548.2,3886.72
PULSES,2.45,49,0.659,22.2,703.1,2499.43
MAIZE,8.51,10,0.776,17.2,141.5,34805.08
MAIZE,9.62,68,0.677,29.4,619.9,66657.12
PULSES,6.97,39,0.721,30.1,796.6,6875.63
PULSES,1.31,58,0.418,25.5,623.2,980.1
SUGARCANE,9.44,293,0.761,32.0,390.5,721320.77
PULSES,4.66,57,0.452,24.6,542.2,3230.65
WHEAT,6.26,31,0.765,27.3,532.4,22695.99
RICE,3.14,70,0.705,17.3,239.7,12237.42
SUGARCANE,4.39,271,0.42,29.7,392.2,251351.53
MAIZE,1.58,81,0.407,34.2,484.1,6383.7
MAIZE,7.42,15,0.777,17.1,707.3,45418.45
SUGARCANE,3.65,108,0.131,34.7,528.2,84597.71
COTTON,7.34,18,0.706,21.1,193.4,11790.71
WHEAT,4.76,90,0.839,19.6,285.5,16621.96
COTTON,0.58,23,0.631,16.5,316.3,623.81
PULSES,3.15,17,0.483,28.6,311.2,2230.94
WHEAT,6.9,78,0.802,15.7,619.1,22773.78
PULSES,6.14,62,0.79,25.1,444.2,6365.54
SUGARCANE,9.31,94,0.615,17.7,780.1,450729.68
RICE,7.53,68,0.563,15.2,257.9,22269.83
SUGARCANE,3.45,44,0.327,20.9,129.2,67238.58
PULSES,5.17,11,0.467,33.9,67.2,2257.81
MAIZE,5.74,62,0.754,20.1,255.1,39626.4
WHEAT,7.81,86,0.631,16.2,244.1,18081.72
COTTON,1.28,14,0.246,24.3,60.3,523.74
MAIZE,4.9,16,0.558,19.5,616.0,23434.34
WHEAT,3.43,106,0.585,26.3,510.2,8765.77
MAIZE,6.21,96,0.693,30.5,245.6,42873.43
SUGARCANE,9.83,247,0.769,29.8,750.1,762466.9
MAIZE,4.34,83,0.743,20.7,445.5,27513.37
PULSES,2.32,21,0.804,20.8,151.9,2201.19
MAIZE,9.26,98,0.724,25.2,143.5,42625.97
SUGARCANE,1.27,253,0.699,19.8,619.2,95548.77
PULSES,8.51,55,0.593,24.4,71.3,4423.08
PULSES,3.64,58,0.668,28.0,166.1,3467.91
MAIZE,2.95,91,0.768,33.4,70.3,11164.72
COTTON,0.61,36,0.73,26.7,89.6,671.65
WHEAT,2.18,89,0.779,23.5,745.6,7791.76
WHEAT,7.61,103,0.535,28.4,287.0,19334.36
RICE,8.41,23,0.191,30.3,478.2,13605.51
MAIZE,7.48,62,0.42,20.5,670.3,35238.28
COTTON,7.75,91,0.681,25.6,589.9,12947.17
RICE,5.57,44,0.539,32.0,283.2,16988.77
WHEAT,1.77,98,0.769,31.5,433.4,6351.06
PULSES,7.5,90,0.779,25.2,72.7,4952.19
COTTON,3.5,137,0.522,26.7,711.9,4254.79
COTTON,8.18,102,0.808,20.9,148.6,9146.36
PULSES,7.16,73,0.701,30.6,255.1,7010.8
SUGARCANE,2.83,166,0.811,16.0,56.5,138220.95
SUGARCANE,9.28,209,0.737,34.2,553.7,599125.07
MAIZE,8.12,73,0.696,32.7,798.2,44877.36
PULSES,8.72,58,0.67,17.4,714.5,7578.52
COTTON,1.99,102,0.846,29.6,502.3,3133.62
COTTON,1.07,66,0.776,20.1,73.3,1243.72
COTTON,9.55,102,0.614,17.1,407.7,10005.91
PULSES,4.25,17,0.724,28.0,223.4,4283.4
PULSES,7.88,48,0.777,25.2,448.4,8150.49
WHEAT,4.87,101,0.835,23.5,639.8,17141.33
MAIZE,5.91,102,0.835,21.1,574.0,40550.06
PULSES,6.42,68,0.61,18.5,593.9,4726.7
COTTON,7.24,83,0.607,31.0,379.6,8346.1
WHEAT,1.76,47,0.181,15.5,210.0,2121.8
COTTON,8.69,43,0.67,23.2,661.8,14640.31
PULSES,3.13,15,0.835,21.7,324.9,2968.79
SUGARCANE,4.09,268,0.675,15.3,54.9,191181.09
WHEAT,5.55,51,0.805,20.8,527.3,19707.26
WHEAT,8.03,44,0.836,23.4,411.1,27623.71
WHEAT,6.44,91,0.452,30.0,664.9,17302.11
COTTON,2.34,44,0.525,19.3,363.7,2877.13
WHEAT,1.26,98,0.652,22.6,417.3,4549.0
RICE,2.95,90,0.629,28.9,339.0,9796.08
PULSES,7.98,53,0.749,22.2,317.4,7701.61
RICE,3.88,10,0.762,16.3,389.9,14643.15
SUGARCANE,9.89,36,0.692,19.7,387.0,786630.15
WHEAT,1.5,43,0.637,32.8,256.4,3128.75
MAIZE,5.41,16,0.584,28.7,390.4,27039.05
MAIZE,6.26,99,0.68,25.9,63.9,29232.09
COTTON,1.93,17,0.776,16.7,167.5,2938.61
SUGARCANE,6.05,152,0.699,34.9,574.8,398753.6
RICE,1.75,36,0.716,27.4,634.8,7795.35
PULSES,4.91,54,0.722,30.8,72.2,3289.44
RICE,8.28,80,0.661,23.7,52.3,25770.2
RICE,4.92,11,0.809,20.6,760.1,22584.83
RICE,4.72,90,0.749,22.0,575.5,20736.01
MAIZE,6.99,53,0.101,21.8,614.8,16446.62
RICE,3.32,116,0.151,20.0,359.2,5201.12
COTTON,1.72,55,0.841,17.1,733.5,2500.06
PULSES,1.78,49,0.621,28.0,252.8,1302.38
RICE,6.98,98,0.73,17.1,707.6,26979.61
WHEAT,9.33,61,0.617,17.1,638.1,22402.29
PULSES,7.65,58,0.844,23.8,720.8,7618.75
PULSES,4.48,75,0.608,28.9,676.9,3180.41
MAIZE,4.74,89,0.8,16.1,534.2,29386.68
COTTON,6.59,119,0.668,24.0,227.1,10959.47
SUGARCANE,6.31,172,0.745,16.4,170.1,440562.23
RICE,4.6,44,0.784,25.4,160.4,21037.16
WHEAT,9.87,122,0.704,15.1,79.5,22168.46
WHEAT,4.2,27,0.601,22.5,639.8,10406.25
COTTON,9.05,45,0.6,30.5,755.4,10556.55
PULSES,2.01,36,0.325,17.4,323.2,676.71
WHEAT,9.9,49,0.401,26.1,306.1,25748.82
SUGARCANE,3.81,310,0.697,29.1,186.2,301455.08
COTTON,0.69,148,0.605,32.5,300.2,703.17
SUGARCANE,2.52,344,0.567,19.1,201.6,146906.5
RICE,8.3,41,0.497,28.1,143.8,18620.97
COTTON,7.46,147,0.828,27.0,694.3,12759.19
COTTON,8.26,17,0.592,23.5,68.7,6780.45
COTTON,1.44,81,0.459,23.9,794.6,1777.06
PULSES,6.12,72,0.359,20.7,340.6,2189.47
PULSES,7.42,58,0.832,24.2,189.8,7036.79
MAIZE,8.97,100,0.71,15.1,293.8,55797.96
SUGARCANE,4.65,72,0.708,25.8,424.6,342548.89
WHEAT,5.15,102,0.551,20.0,594.3,13321.59
SUGARCANE,4.97,224,0.702,26.4,111.6,258802.66
WHEAT,7.28,50,0.763,15.5,395.8,23806.13
WHEAT,8.68,45,0.402,29.4,761.1,21684.32
MAIZE,4.49,71,0.816,28.3,132.8,21678.55
PULSES,7.11,59,0.713,26.0,678.4,7092.91
RICE,4.32,114,0.489,28.1,418.7,14220.62
PULSES,9.49,61,0.337,29.4,338.7,3539.84
COTTON,9.74,21,0.675,25.0,603.0,15817.12
PULSES,1.83,65,0.826,33.5,103.0,1063.28
MAIZE,5.95,78,0.756,26.9,426.0,41218.06
COTTON,3.93,80,0.651,16.5,574.9,5755.4
RICE,4.43,87,0.815,24.3,559.6,19775.33
COTTON,7.96,80,0.726,24.6,279.0,13607.93
COTTON,2.42,19,0.81,16.8,235.4,3483.73
SUGARCANE,7.11,300,0.457,31.4,722.6,382571.81
RICE,8.11,75,0.654,22.1,426.3,35053.76
SUGARCANE,5.23,200,0.708,18.1,344.5,396411.73
MAIZE,2.33,87,0.701,24.1,765.3,14933.76
RICE,9.41,83,0.448,25.0,584.5,28874.37
WHEAT,3.62,111,0.365,23.6,707.6,4706.37
WHEAT,8.17,100,0.579,23.7,237.8,20839.85
SUGARCANE,9.27,177,0.212,15.9,142.0,165398.86
SUGARCANE,9.94,231,0.822,33.7,279.9,648655.56
PULSES,9.52,85,0.81,28.7,452.5,9083.05
SUGARCANE,8.67,69,0.768,18.8,411.0,682736.67
SUGARCANE,8.92,34,0.826,17.6,791.0,637735.76
COTTON,8.23,24,0.639,21.3,590.2,10049.91
WHEAT,8.45,58,0.782,18.2,736.3,28626.22
MAIZE,6.55,83,0.705,22.0,647.4,41809.99
MAIZE,8.25,102,0.788,18.0,120.4,37492.13
COTTON,2.56,70,0.636,22.1,441.4,3006.86
PULSES,1.75,26,0.785,16.8,257.4,1517.93
PULSES,5.2,50,0.273,25.5,262.9,1904.3
WHEAT,1.08,82,0.688,34.0,87.0,2212.19
RICE,7.72,105,0.577,19.9,188.1,23602.47
SUGARCANE,6.58,299,0.512,17.8,252.4,325074.97
WHEAT,1.32,13,0.669,26.1,226.7,4566.74
PULSES,2.79,26,0.517,27.6,215.5,1995.98
MAIZE,2.94,60,0.675,22.1,760.3,19088.79
MAIZE,5.8,23,0.838,18.6,342.2,38004.35
MAIZE,8.97,41,0.81,26.5,702.5,59836.74
WHEAT,4.9,23,0.631,21.9,750.3,12040.01
MAIZE,8.39,38,0.537,23.7,404.4,41700.36
SUGARCANE,9.74,339,0.521,32.8,659.3,462379.37
WHEAT,7.2,27,0.545,27.1,82.6,12837.79
RICE,7.04,24,0.738,27.0,475.5,31866.6
MAIZE,4.89,21,0.333,16.7,604.5,10479.4
PULSES,2.28,32,0.835,22.8,540.1,2296.24
SUGARCANE,1.34,11,0.6,18.8,238.4,72905.79
MAIZE,3.26,36,0.58,26.3,645.8,15786.08
MAIZE,1.9,98,0.622,15.1,92.3,5819.86
WHEAT,9.24,123,0.75,21.4,396.4,31051.29
PULSES,5.32,67,0.193,24.6,92.3,1396.41
WHEAT,5.63,105,0.653,26.8,724.6,20145.78
WHEAT,6.52,45,0.796,23.5,768.0,23941.46
MAIZE,3.2,57,0.674,18.3,543.6,22099.81
PULSES,0.76,47,0.734,19.3,187.9,736.38
COTTON,3.86,115,0.527,33.8,628.4,3871.92
PULSES,4.4,35,0.743,24.9,285.2,4568.62
RICE,8.27,75,0.808,31.9,424.8,36638.65
COTTON,3.91,102,0.218,30.8,59.5,1689.11
PULSES,9.25,39,0.507,21.3,186.8,6888.44
PULSES,3.08,42,0.421,26.3,188.0,2303.49
MAIZE,1.38,43,0.746,26.8,326.2,9308.69
COTTON,6.59,68,0.733,20.5,263.6,11347.27
MAIZE,2.53,33,0.513,25.9,215.5,12127.84
WHEAT,6.11,46,0.774,19.0,528.8,20751.45
PULSES,2.31,29,0.778,15.7,587.2,2093.96
MAIZE,5.89,27,0.655,31.1,557.7,39525.59
MAIZE,2.38,16,0.236,33.7,544.4,4931.07
COTTON,4.33,16,0.845,25.1,283.0,7072.51
COTTON,4.08,89,0.453,33.6,664.7,4236.51
SUGARCANE,6.52,117,0.751,32.6,607.6,444034.73
RICE,5.53,52,0.717,27.7,173.9,24275.37
WHEAT,4.08,47,0.833,17.9,385.9,13332.1
COTTON,2.83,87,0.612,33.4,665.0,2917.12
WHEAT,5.0,24,0.465,18.5,635.7,13030.32
MAIZE,6.56,65,0.671,22.1,753.0,42422.56
PULSES,7.56,21,0.846,32.4,346.9,6363.11
SUGARCANE,4.17,276,0.629,33.9,512.1,191930.06
MAIZE,6.24,42,0.581,28.6,647.2,30401.31
SUGARCANE,3.92,276,0.28,21.5,650.0,106791.52
MAIZE,3.09,81,0.166,28.1,701.6,7448.97
SUGARCANE,0.76,212,0.688,24.4,489.2,60301.94
PULSES,8.41,36,0.749,34.4,235.8,7409.44
SUGARCANE,8.17,56,0.61,18.2,649.8,438156.79
WHEAT,1.41,103,0.651,18.1,485.0,4895.61
WHEAT,1.2,59,0.815,27.7,564.3,4299.56
MAIZE,7.8,85,0.666,24.7,187.7,49535.05
SUGARCANE,9.19,257,0.817,18.7,310.8,673534.11
WHEAT,1.43,126,0.714,33.1,573.1,4070.51
PULSES,0.55,23,0.553,30.0,109.4,276.17
MAIZE,8.51,37,0.442,20.9,281.7,39779.65
WHEAT,7.95,140,0.239,22.5,104.5,6969.82
COTTON,3.39,39,0.845,16.2,586.6,5060.55
RICE,1.77,28,0.687,15.7,240.9,6691.39
WHEAT,6.74,12,0.531,29.5,262.3,17622.6
PULSES,1.58,36,0.726,28.6,68.8,1134.48
PULSES,2.54,43,0.531,17.8,602.0,1621.28
PULSES,4.78,30,0.781,15.9,173.0,4139.83
RICE,4.65,82,0.708,25.6,729.0,19877.11
COTTON,5.19,16,0.801,23.0,429.2,8232.04
COTTON,9.88,129,0.578,23.2,151.8,11971.95
WHEAT,3.54,95,0.729,20.1,177.0,12389.06
RICE,2.12,15,0.472,24.7,655.2,7084.41
WHEAT,6.59,15,0.785,22.2,198.0,23448.1
MAIZE,7.9,17,0.407,21.4,289.8,38024.73
SUGARCANE,3.54,290,0.836,23.9,224.5,272486.6
MAIZE,4.64,88,0.797,26.2,594.6,32143.53
PULSES,4.77,44,0.599,21.8,432.5,3373.24
PULSES,9.01,20,0.683,18.3,530.9,9349.75
WHEAT,9.33,45,0.763,17.4,567.2,30762.72
WHEAT,0.6,37,0.682,31.5,241.7,2096.62
WHEAT,8.57,17,0.774,15.8,72.1,18630.15
COTTON,3.49,26,0.553,31.6,691.9,4177.37
RICE,7.33,68,0.729,25.8,754.4,33406.0
SUGARCANE,4.64,271,0.84,27.6,117.2,259955.64
MAIZE,8.38,67,0.545,21.2,273.3,40967.1
WHEAT,5.65,40,0.833,17.0,614.8,18515.86
MAIZE,7.14,73,0.497,23.8,726.6,34561.5
MAIZE,1.73,82,0.656,24.7,476.2,11749.29
COTTON,4.51,94,0.83,32.4,400.0,6514.11
WHEAT,8.9,62,0.7,34.7,767.9,26110.43
SUGARCANE,8.8,235,0.677,32.2,596.4,550578.52
MAIZE,6.54,92,0.528,25.5,466.7,32283.03
MAIZE,7.23,73,0.742,18.4,505.8,49863.45
WHEAT,6.47,96,0.614,27.5,172.6,17227.62
RICE,9.0,88,0.751,28.3,196.6,40021.45
SUGARCANE,3.43,206,0.707,17.7,391.2,239732.19
WHEAT,3.53,110,0.483,29.2,502.1,9084.76
SUGARCANE,4.45,242,0.808,18.1,236.7,358867.95
WHEAT,8.39,89,0.625,27.6,92.4,14440.04
COTTON,2.35,79,0.428,28.8,149.9,1949.21
PULSES,2.36,53,0.825,19.2,178.5,2422.55
SUGARCANE,4.49,121,0.742,20.7,249.8,340995.91
PULSES,1.61,49,0.824,33.7,113.0,910.93
MAIZE,3.02,83,0.848,21.6,531.2,19267.67
RICE,6.5,78,0.443,27.5,275.2,20254.29
RICE,9.04,19,0.672,34.6,355.9,34663.06
PULSES,6.3,42,0.469,26.7,708.8,4758.58
WHEAT,2.91,62,0.78,27.4,446.2,10238.94
PULSES,5.91,25,0.821,16.2,287.1,5065.3
MAIZE,9.82,93,0.756,32.1,410.1,55469.42
PULSES,9.03,16,0.743,32.8,178.6,7465.22
WHEAT,9.98,16,0.422,20.0,784.8,26581.2
WHEAT,7.56,108,0.189,29.9,790.8,9808.1
MAIZE,6.5,11,0.797,26.8,135.7,28608.03
SUGARCANE,6.45,134,0.619,27.1,710.7,348450.91
RICE,5.43,72,0.79,15.7,303.6,21340.97
MAIZE,4.66,54,0.67,33.0,288.8,25198.31
WHEAT,1.27,21,0.701,16.1,732.8,4015.55
SUGARCANE,9.32,327,0.808,34.2,433.6,593331.14
WHEAT,1.57,54,0.728,16.6,610.6,5032.0
MAIZE,1.84,14,0.548,30.3,513.4,9109.69
COTTON,5.3,76,0.836,27.9,264.4,8551.09
MAIZE,1.8,60,0.745,31.8,177.2,12124.2
SUGARCANE,9.21,44,0.485,22.4,439.1,537762.68
MAIZE,7.53,100,0.466,34.5,544.8,31329.26
WHEAT,9.01,135,0.546,18.4,222.2,22696.58
COTTON,5.04,130,0.544,25.7,673.9,5981.44
COTTON,0.65,89,0.424,22.4,213.8,762.26
PULSES,5.59,50,0.706,31.9,477.4,5797.1
MAIZE,9.74,65,0.61,25.6,625.6,47372.27
SUGARCANE,6.51,206,0.653,27.3,208.6,491608.23
COTTON,9.12,110,0.747,31.9,647.9,14426.63
RICE,5.25,26,0.783,22.6,678.8,22605.0
RICE,5.5,110,0.705,26.6,95.7,16684.27
SUGARCANE,6.52,174,0.698,18.1,257.3,489196.41
COTTON,7.76,94,0.739,32.9,740.9,11347.62
MAIZE,4.86,38,0.822,26.2,612.1,32803.31
PULSES,9.24,29,0.684,33.9,753.7,7965.55
MAIZE,4.48,85,0.412,28.2,654.1,22090.75
WHEAT,8.59,54,0.535,30.2,794.0,21611.63
WHEAT,2.49,111,0.786,26.7,751.7,8866.96
WHEAT,1.07,67,0.481,15.8,50.7,1736.1
RICE,3.75,101,0.676,17.9,473.2,14582.52
MAIZE,2.6,98,0.664,34.9,556.8,14743.93
COTTON,4.06,73,0.773,23.3,284.2,6848.4
PULSES,2.09,44,0.721,15.4,643.0,1807.16
COTTON,1.22,144,0.755,18.8,157.9,1948.5
COTTON,9.07,58,0.566,15.8,126.8,7168.53
RICE,5.07,112,0.492,34.8,201.7,14243.1
PULSES,2.7,74,0.47,16.7,537.6,1705.83
PULSES,8.14,65,0.686,15.3,503.7,7034.59
WHEAT,4.98,22,0.564,16.3,485.3,11967.07
COTTON,7.39,115,0.742,24.3,230.1,12091.12
COTTON,4.09,101,0.716,32.7,206.0,5965.4
SUGARCANE,1.55,179,0.567,19.0,628.6,88726.24
RICE,9.07,27,0.691,21.3,204.1,41195.37
SUGARCANE,6.37,79,0.7,28.1,709.1,476058.56
PULSES,7.58,18,0.781,21.3,610.0,7150.37
RICE,1.86,42,0.678,30.9,60.7,5694.44
PULSES,1.51,90,0.316,20.9,661.2,542.38
WHEAT,1.52,117,0.263,19.9,791.6,1976.91
COTTON,7.12,126,0.685,20.6,377.6,11544.98
COTTON,9.22,98,0.657,19.6,648.2,15909.43
SUGARCANE,6.39,242,0.672,22.5,185.6,480441.1
SUGARCANE,6.22,53,0.828,29.4,765.3,469368.67
SUGARCANE,3.9,52,0.795,27.5,100.4,214558.6
SUGARCANE,3.12,211,0.47,21.0,238.6,171600.02
WHEAT,8.33,11,0.665,22.4,277.4,28313.56
PULSES,5.5,73,0.716,24.9,57.0,3647.27
SUGARCANE,4.96,259,0.719,15.9,720.0,336896.79
COTTON,9.42,68,0.679,27.8,307.8,14834.96
WHEAT,9.12,17,0.788,28.3,396.1,33387.49
RICE,8.37,73,0.79,23.5,554.7,35376.41
RICE,2.6,48,0.747,27.4,651.4,11721.14
COTTON,8.91,99,0.819,24.8,266.4,14229.85
SUGARCANE,7.26,351,0.609,30.2,615.8,406148.8
SUGARCANE,3.72,56,0.297,23.5,713.4,104379.45
SUGARCANE,1.17,193,0.426,21.5,676.9,66681.95
RICE,8.67,63,0.766,21.0,82.4,26008.01
PULSES,2.77,42,0.653,26.4,327.9,2637.93
COTTON,1.61,28,0.767,23.3,190.9,2558.66
MAIZE,9.35,75,0.729,23.1,495.1,59127.59
WHEAT,6.59,119,0.231,29.8,283.9,8721.58
PULSES,8.83,84,0.711,24.6,615.2,8748.23
SUGARCANE,9.91,111,0.735,19.5,310.6,762662.57
RICE,2.97,36,0.825,34.8,185.3,10938.46
SUGARCANE,7.45,226,0.697,33.8,150.6,476951.68
SUGARCANE,9.21,15,0.728,34.5,614.9,578108.67
SUGARCANE,8.69,134,0.786,15.3,443.1,612295.52
WHEAT,8.22,11,0.68,18.9,359.9,28495.46
COTTON,2.46,100,0.725,27.4,267.0,4167.11
SUGARCANE,3.44,43,0.71,15.2,780.8,227314.75
PULSES,2.01,36,0.8,21.2,442.8,2031.58
MAIZE,8.72,58,0.809,17.5,593.5,53283.61
COTTON,1.27,141,0.436,34.3,676.1,1300.59
PULSES,8.51,84,0.783,23.3,154.1,8060.19
MAIZE,2.4,93,0.354,29.2,120.4,4205.42
SUGARCANE,7.74,248,0.771,31.2,206.8,589502.11
COTTON,4.24,110,0.625,21.1,181.4,4871.07
WHEAT,2.0,93,0.706,15.2,200.8,6452.5
SUGARCANE,0.97,98,0.544,34.8,73.1,31431.31
MAIZE,2.58,91,0.56,17.2,200.7,11380.21
PULSES,3.76,67,0.196,24.0,123.6,959.97
RICE,8.23,116,0.46,22.4,426.0,26482.03
COTTON,8.0,42,0.585,21.6,263.0,9940.14
MAIZE,8.06,87,0.721,31.0,499.5,53224.36
SUGARCANE,5.28,96,0.363,16.5,140.6,93950.45
COTTON,5.22,78,0.699,29.5,356.2,8485.57
COTTON,8.47,45,0.849,34.2,577.4,12241.44
COTTON,1.53,93,0.57,26.3,661.0,1907.49
WHEAT,5.85,77,0.709,28.4,608.5,20089.61
MAIZE,4.85,62,0.418,32.6,738.9,19859.35
COTTON,3.76,97,0.797,32.6,75.5,3837.11
RICE,7.13,86,0.73,23.9,190.6,32771.47
SUGARCANE,7.12,196,0.319,30.1,337.7,189696.32
RICE,6.0,46,0.777,15.6,337.1,23907.12
MAIZE,6.88,62,0.756,25.7,796.4,45128.02
RICE,6.85,13,0.362,33.5,584.0,9363.12
SUGARCANE,1.45,44,0.802,26.6,370.2,115584.85
COTTON,9.8,123,0.653,27.9,217.7,16613.62
SUGARCANE,2.63,202,0.747,24.2,125.5,143584.62
RICE,3.8,94,0.518,20.7,696.5,11787.64
COTTON,5.15,18,0.728,24.0,500.8,8137.12
MAIZE,7.4,10,0.799,21.8,790.8,50765.59
PULSES,5.56,40,0.412,22.1,776.1,3974.68
RICE,1.05,30,0.846,17.7,492.3,4023.32
COTTON,1.71,79,0.325,32.9,564.8,877.64
SUGARCANE,0.99,17,0.587,22.7,674.0,56040.95
COTTON,7.8,13,0.664,26.6,91.7,9359.42
RICE,4.78,76,0.714,22.8,738.3,21471.77
PULSES,3.44,73,0.819,30.1,224.0,3430.71
RICE,5.77,45,0.671,25.6,759.7,25078.17
RICE,5.47,28,0.842,22.0,144.4,17117.66
PULSES,2.9,32,0.664,16.7,727.2,2624.26
WHEAT,7.68,86,0.403,20.9,546.4,19233.55
WHEAT,3.48,124,0.577,26.8,596.5,8666.72
WHEAT,2.85,124,0.637,22.8,372.7,7656.24
COTTON,8.4,144,0.714,34.9,103.3,8000.96
MAIZE,0.66,37,0.814,24.4,213.4,4339.07
MAIZE,6.86,93,0.756,25.2,355.6,43741.51
SUGARCANE,6.81,334,0.564,24.0,56.4,263877.48
COTTON,2.8,52,0.513,22.0,281.7,3218.83
MAIZE,1.61,38,0.425,31.3,432.0,7385.25
COTTON,8.38,113,0.518,26.9,790.7,10339.82
PULSES,5.81,87,0.657,19.6,741.4,5769.54
COTTON,3.54,122,0.722,27.5,731.1,5688.1
RICE,2.49,11,0.748,24.6,496.0,11113.12
MAIZE,7.72,70,0.442,21.5,613.0,36927.54
WHEAT,9.27,82,0.733,34.0,573.5,26611.83
PULSES,3.44,39,0.803,22.1,589.4,3566.54
MAIZE,6.94,76,0.847,21.5,590.2,46512.57
SUGARCANE,5.95,34,0.596,22.3,128.2,243164.17
RICE,3.49,65,0.7,19.6,698.5,14702.71
COTTON,4.56,117,0.657,22.4,545.8,7712.78
SUGARCANE,0.59,321,0.751,19.2,100.8,32064.61
MAIZE,4.62,99,0.802,21.4,764.8,29124.8
PULSES,3.34,54,0.788,32.1,633.1,2832.56
WHEAT,3.36,102,0.804,24.0,304.3,11610.52
MAIZE,7.36,77,0.285,23.0,451.6,16794.15
PULSES,2.42,31,0.389,29.8,731.0,868.06
COTTON,1.55,144,0.494,18.2,747.3,1862.09
PULSES,4.09,69,0.173,23.4,654.1,1539.05
WHEAT,6.51,16,0.761,28.0,259.3,23053.3
COTTON,7.64,57,0.669,34.8,191.9,10310.98
SUGARCANE,1.97,302,0.126,30.9,772.3,57549.31
PULSES,2.62,75,0.4,33.8,799.1,1586.08
MAIZE,2.79,84,0.796,33.2,320.4,15404.17
MAIZE,1.11,79,0.476,33.0,715.9,4717.35
RICE,2.98,10,0.696,23.0,71.0,9549.74
WHEAT,5.3,120,0.715,21.1,509.3,18298.46
COTTON,6.01,149,0.204,17.0,671.2,3246.62
PULSES,4.65,27,0.68,29.8,325.0,4614.78
WHEAT,8.58,114,0.191,20.8,518.8,10760.62
COTTON,0.98,144,0.626,18.5,65.2,796.03
MAIZE,5.67,32,0.808,27.8,346.3,39042.03
PULSES,2.53,36,0.69,15.3,465.6,2228.86
RICE,4.96,105,0.828,25.3,60.7,15956.13
PULSES,8.96,49,0.524,31.2,637.2,6559.25
MAIZE,5.92,90,0.811,19.8,689.9,39882.21
PULSES,0.83,22,0.84,17.0,359.0,759.39
COTTON,2.2,46,0.723,21.4,104.3,2604.56
SUGARCANE,6.54,242,0.622,34.0,164.2,323602.52
MAIZE,1.22,23,0.523,25.5,109.8,4051.1
COTTON,7.6,25,0.728,15.1,364.1,10741.55
RICE,4.7,88,0.448,31.6,518.2,15655.16
PULSES,4.11,27,0.18,34.3,362.3,1273.57
SUGARCANE,5.67,173,0.353,19.4,670.8,165256.1
COTTON,3.82,55,0.179,32.9,630.6,1962.27
MAIZE,3.03,42,0.403,16.5,100.8,9552.14
PULSES,4.91,31,0.49,18.4,545.9,3367.47
MAIZE,6.57,105,0.735,23.9,239.4,42667.42
WHEAT,6.74,41,0.666,24.1,620.3,23385.14
PULSES,8.2,31,0.81,26.0,174.4,8323.99
SUGARCANE,2.19,12,0.443,34.2,725.4,99784.7
PULSES,2.22,75,0.85,22.1,133.0,1529.3
COTTON,5.7,40,0.146,27.1,174.7,3578.98
MAIZE,7.71,71,0.637,17.7,612.4,33640.75
WHEAT,8.93,85,0.699,34.3,612.8,26358.86
PULSES,7.68,72,0.729,18.0,779.9,7649.7
SUGARCANE,9.62,161,0.833,34.0,777.1,651023.0
COTTON,6.6,100,0.769,26.8,165.8,11141.93
MAIZE,7.51,12,0.847,25.5,530.4,51157.72
MAIZE,5.79,93,0.676,28.0,436.5,39406.81
MAIZE,9.76,106,0.625,25.2,421.7,45001.29
SUGARCANE,0.76,171,0.675,19.2,416.2,56207.13
SUGARCANE,0.99,139,0.744,28.8,476.0,77692.21
COTTON,1.69,74,0.402,19.0,242.2,2006.6
PULSES,8.95,45,0.254,21.6,750.1,3303.94
COTTON,3.29,81,0.731,33.9,381.9,4484.62
COTTON,7.43,84,0.591,20.3,161.0,8968.01
SUGARCANE,0.51,233,0.692,27.8,316.7,40674.25
SUGARCANE,6.94,309,0.401,19.3,235.3,383393.97
COTTON,0.67,111,0.57,24.7,380.9,774.44
COTTON,4.48,84,0.371,19.3,605.4,2668.47
COTTON,4.96,27,0.68,31.7,465.1,7978.17
WHEAT,5.13,78,0.816,33.9,222.5,15522.83
RICE,2.49,89,0.486,27.0,151.7,8125.92
COTTON,0.9,147,0.155,27.0,469.1,538.27
WHEAT,3.26,17,0.701,31.2,416.6,11727.43
COTTON,9.79,79,0.448,32.4,387.1,9949.06
MAIZE,7.73,88,0.847,24.2,100.9,35034.17
COTTON,9.78,96,0.839,19.7,338.7,16588.51
RICE,6.8,108,0.405,24.4,731.4,21545.59
PULSES,6.02,16,0.799,20.9,132.1,4244.63
MAIZE,4.58,91,0.693,24.5,585.1,29204.92
RICE,9.03,74,0.521,28.2,651.4,29408.7
COTTON,9.55,35,0.751,18.6,357.6,15455.28
RICE,1.63,43,0.716,34.9,737.9,6047.17
RICE,9.44,59,0.745,18.2,673.9,41757.08
WHEAT,8.49,40,0.748,26.2,531.0,29986.49
MAIZE,9.16,31,0.841,26.6,518.4,59877.65
PULSES,5.53,22,0.483,35.0,633.8,3511.5
WHEAT,4.92,68,0.809,19.3,724.4,16804.39
SUGARCANE,3.55,299,0.749,24.9,142.4,196154.95
MAIZE,2.93,100,0.128,30.0,51.7,4705.38
PULSES,3.08,66,0.659,19.8,696.1,2934.26
PULSES,4.52,15,0.848,24.7,488.2,4485.56
WHEAT,2.18,138,0.479,30.8,165.4,5817.39
PULSES,3.04,85,0.538,29.8,161.9,2268.43
RICE,8.07,92,0.239,18.9,358.3,13081.24
MAIZE,9.92,67,0.488,33.0,396.1,40717.62
PULSES,9.69,41,0.24,16.3,94.9,2241.83
WHEAT,9.75,46,0.793,16.1,372.6,31834.98
COTTON,1.64,92,0.73,30.4,130.1,1854.32
WHEAT,7.16,75,0.835,22.0,765.6,24091.42
MAIZE,1.65,22,0.729,24.9,314.1,10868.54
RICE,4.66,29,0.538,29.1,566.4,14319.38
COTTON,2.52,93,0.825,30.2,183.8,4239.62
WHEAT,5.91,16,0.451,26.0,125.5,11023.29
COTTON,4.89,44,0.149,32.7,76.0,1787.32
MAIZE,2.84,19,0.847,19.6,100.1,13134.28
COTTON,3.09,133,0.734,31.5,338.0,5081.88
SUGARCANE,2.0,344,0.691,27.4,343.1,160283.93
MAIZE,7.25,99,0.783,18.7,732.7,46594.22
RICE,7.16,70,0.823,18.1,628.1,30103.4
PULSES,4.6,66,0.844,20.7,53.2,3103.1
PULSES,2.2,30,0.556,28.8,358.9,1594.33
WHEAT,3.68,52,0.245,23.7,105.0,3313.82
RICE,3.97,18,0.843,15.6,299.7,15287.85
RICE,2.62,109,0.606,30.1,734.5,8434.38
MAIZE,3.89,57,0.672,17.4,380.4,24245.53
MAIZE,6.82,73,0.843,18.1,759.7,42923.97
COTTON,5.55,78,0.675,18.8,746.3,9236.88
PULSES,5.69,65,0.624,21.4,347.9,3953.6
COTTON,2.84,120,0.727,18.7,549.1,4481.18
RICE,5.08,107,0.353,23.9,764.1,7783.01
SUGARCANE,2.41,276,0.717,16.3,784.4,166250.46
WHEAT,3.04,74,0.48,27.9,551.8,7879.22
COTTON,4.52,50,0.838,23.3,116.9,5104.3
COTTON,1.23,48,0.333,23.6,301.5,712.26
WHEAT,1.71,76,0.324,15.8,557.4,1890.09
RICE,1.52,77,0.44,29.4,104.2,3424.67
MAIZE,0.91,81,0.632,20.0,385.6,4495.08
MAIZE,5.76,107,0.288,31.4,711.3,14251.85
COTTON,5.4,134,0.544,15.2,60.7,4225.97
MAIZE,5.39,85,0.403,32.1,731.8,22008.5
SUGARCANE,1.65,18,0.707,31.8,304.9,121120.97
PULSES,1.57,16,0.846,29.2,306.0,1576.3
PULSES,8.32,65,0.542,15.8,188.3,5178.76
WHEAT,10.0,34,0.733,21.1,66.5,23745.81
PULSES,1.21,47,0.379,31.6,631.8,420.1
RICE,1.92,97,0.483,25.5,192.6,6314.39
RICE,4.84,113,0.752,26.2,679.4,21476.56
PULSES,7.38,86,0.684,15.1,484.0,6247.12
WHEAT,1.25,76,0.489,34.4,315.5,2778.6
RICE,7.71,60,0.82,33.4,523.8,28002.29
MAIZE,9.81,89,0.661,19.7,426.0,65881.72
COTTON,3.26,35,0.72,25.6,158.1,5499.55
SUGARCANE,8.84,107,0.431,17.5,219.6,444277.97
WHEAT,9.94,135,0.669,18.7,124.1,23800.43
SUGARCANE,3.96,195,0.714,22.9,428.0,290080.19
MAIZE,8.62,35,0.712,34.3,438.6,47724.67
PULSES,8.25,45,0.562,24.5,447.8,5978.37
SUGARCANE,1.69,98,0.772,22.5,509.9,125936.95
PULSES,9.2,63,0.628,23.7,172.4,6451.77
SUGARCANE,2.74,99,0.696,20.1,449.3,213364.54
SUGARCANE,7.19,186,0.284,24.4,470.8,206320.77
RICE,2.03,110,0.347,17.7,435.4,2802.74
COTTON,5.22,16,0.763,22.3,735.6,8297.35
COTTON,6.78,83,0.695,22.3,210.2,10734.47
PULSES,3.18,41,0.407,19.3,762.3,2343.62
RICE,8.36,65,0.58,34.3,692.6,23051.06
COTTON,4.51,134,0.175,24.6,526.1,2773.96
PULSES,9.3,20,0.415,15.0,222.8,5875.93
PULSES,4.95,81,0.654,16.7,459.7,4396.68
COTTON,7.97,98,0.445,33.7,749.3,7838.75
MAIZE,2.51,38,0.138,20.3,320.1,6183.14
COTTON,4.78,56,0.7,23.9,304.3,7622.67
RICE,6.75,76,0.719,16.9,751.8,26147.22
MAIZE,4.6,14,0.726,25.6,486.8,30044.97
SUGARCANE,5.15,268,0.442,30.7,618.6,296931.49
MAIZE,4.89,98,0.612,30.4,234.9,23855.5
SUGARCANE,3.46,253,0.727,29.0,591.7,259611.4
SUGARCANE,2.19,184,0.779,16.1,793.1,158349.29
MAIZE,4.37,63,0.569,24.5,762.7,20790.38
COTTON,6.63,144,0.416,34.9,477.1,6956.95
WHEAT,7.32,30,0.609,21.5,589.0,19264.4
MAIZE,9.79,84,0.844,17.3,470.2,59596.66
WHEAT,2.68,95,0.115,27.4,395.5,3428.45
SUGARCANE,4.51,215,0.521,30.6,334.3,260910.44
MAIZE,7.78,82,0.355,28.6,477.6,19060.38
SUGARCANE,6.46,88,0.591,15.4,462.6,330298.6
RICE,8.0,22,0.443,31.3,550.9,25846.15
COTTON,2.23,31,0.715,21.8,240.0,3709.93
RICE,5.87,60,0.776,30.7,793.2,24572.81
SUGARCANE,0.58,145,0.485,28.9,725.2,31742.37
PULSES,2.16,47,0.573,26.8,345.6,1531.81
PULSES,1.72,48,0.448,15.9,795.6,1071.65
RICE,6.07,29,0.415,28.1,698.5,18950.09
WHEAT,3.61,120,0.785,28.6,423.3,12342.09
PULSES,7.98,26,0.817,21.7,690.7,7760.11
WHEAT,6.82,12,0.779,23.8,119.1,15965.95
COTTON,1.21,56,0.407,30.8,114.0,1032.7
SUGARCANE,6.17,256,0.639,22.9,581.0,342489.87
COTTON,8.41,79,0.809,33.0,612.5,11747.21
WHEAT,3.25,68,0.735,28.1,233.7,12000.07
RICE,2.57,54,0.493,34.8,737.9,6900.72
WHEAT,8.89,93,0.796,32.8,417.2,26120.57
RICE,5.01,81,0.579,28.2,181.9,16334.32
PULSES,6.16,69,0.464,29.5,611.9,4641.5
RICE,2.24,58,0.772,27.8,505.6,10010.01
PULSES,9.35,23,0.495,32.2,737.4,5627.07
PULSES,3.33,38,0.802,26.7,97.7,2331.96
MAIZE,4.24,61,0.653,28.0,200.6,26990.83
RICE,8.03,16,0.665,20.2,384.0,35198.87
PULSES,9.67,17,0.601,25.0,117.8,4991.08
MAIZE,7.77,106,0.836,29.6,611.5,53813.29
PULSES,2.84,63,0.682,33.4,715.1,2453.29
SUGARCANE,3.51,288,0.742,28.9,301.0,264815.93
SUGARCANE,6.06,28,0.847,28.9,740.0,461215.64
SUGARCANE,9.34,176,0.76,34.5,755.6,581316.48
PULSES,1.71,41,0.789,17.1,785.5,1507.02
SUGARCANE,2.35,144,0.681,20.0,618.4,187180.22
MAIZE,1.22,73,0.789,29.8,793.1,8073.18
WHEAT,7.15,105,0.768,30.9,614.7,25099.85
PULSES,9.88,56,0.77,18.1,569.5,9645.76
WHEAT,7.06,92,0.784,32.4,723.7,20479.17
PULSES,1.94,28,0.824,18.5,746.3,1977.71
MAIZE,9.53,79,0.527,25.0,330.9,47545.27
MAIZE,8.13,86,0.472,33.9,357.9,33715.02
PULSES,5.24,62,0.722,15.7,563.3,4854.13
WHEAT,1.48,12,0.136,26.0,315.1,1929.31
SUGARCANE,5.69,286,0.731,21.2,751.7,431585.21
RICE,7.6,53,0.78,21.4,57.9,22241.13
PULSES,5.78,63,0.748,34.3,240.2,4832.37
SUGARCANE,2.52,282,0.575,34.1,332.7,123911.33
PULSES,3.31,52,0.694,21.0,383.2,3203.66
SUGARCANE,4.38,127,0.746,32.9,160.9,295076.59
PULSES,4.59,31,0.773,16.5,50.4,2782.22
MAIZE,2.46,91,0.708,21.3,292.3,15691.43
SUGARCANE,3.25,173,0.101,24.5,613.7,86690.43
COTTON,8.71,119,0.665,22.1,490.6,14300.93
COTTON,4.09,146,0.625,26.6,504.9,4708.31
MAIZE,5.1,102,0.737,19.1,380.9,33756.67
MAIZE,5.48,48,0.769,28.6,727.4,37513.78
COTTON,1.61,38,0.547,20.1,246.8,2020.5
PULSES,6.21,59,0.737,31.9,290.1,6048.89
MAIZE,5.04,71,0.738,18.2,156.2,33289.24
SUGARCANE,4.82,199,0.813,30.7,738.1,355603.47
SUGARCANE,7.68,275,0.725,26.9,551.6,611959.66
WHEAT,1.7,57,0.41,30.6,738.6,4275.27
RICE,3.54,54,0.505,22.6,462.9,11083.75
MAIZE,7.43,18,0.705,33.5,267.8,40122.07
PULSES,7.52,70,0.677,27.2,235.2,7730.19
RICE,7.86,107,0.697,22.4,643.6,35887.06
MAIZE,6.32,70,0.831,26.7,456.3,42005.33
WHEAT,5.29,40,0.833,25.5,470.1,19112.22
MAIZE,6.51,74,0.532,30.6,640.1,32761.13
COTTON,8.59,118,0.768,24.4,214.6,14373.67
SUGARCANE,7.38,233,0.499,26.4,543.0,433769.11
SUGARCANE,8.2,181,0.329,30.1,564.6,224832.04
MAIZE,6.79,66,0.544,18.1,507.3,34133.66
PULSES,0.76,20,0.738,19.6,186.5,786.23
COTTON,3.88,124,0.719,22.7,61.8,4535.69
PULSES,1.24,54,0.674,24.2,289.6,1237.92
PULSES,9.48,66,0.81,21.3,117.9,6818.81
SUGARCANE,4.87,27,0.295,21.1,421.1,139248.65
WHEAT,7.06,10,0.798,21.8,520.0,23961.37
SUGARCANE,2.56,327,0.11,24.1,573.7,68268.29
RICE,8.08,119,0.771,24.0,98.6,23961.85
RICE,3.52,80,0.74,15.6,748.4,13916.21
SUGARCANE,9.4,124,0.825,26.1,166.7,708512.29
PULSES,5.95,49,0.745,24.6,51.9,4282.66
PULSES,2.33,14,0.527,25.6,75.0,1181.28
PULSES,9.25,36,0.223,33.7,436.9,2723.97
COTTON,2.04,147,0.717,23.3,750.7,3357.52
MAIZE,9.96,54,0.74,19.9,735.5,67647.3
MAIZE,1.45,10,0.799,27.8,716.3,9552.19
PULSES,1.74,11,0.686,28.8,652.3,1728.32
SUGARCANE,7.51,290,0.776,33.2,654.4,492935.2
WHEAT,2.51,134,0.801,30.7,522.0,8434.49
RICE,1.95,24,0.707,22.4,641.9,8781.75
MAIZE,6.01,24,0.653,28.4,371.1,40382.1
RICE,1.32,91,0.726,23.7,223.2,5682.86
PULSES,3.12,55,0.658,31.6,301.8,3027.29
PULSES,5.76,27,0.746,23.1,718.9,5772.52
RICE,9.31,59,0.808,27.5,299.0,41574.87
PULSES,7.11,74,0.367,19.5,541.6,2485.67
WHEAT,4.33,134,0.683,22.3,628.4,15876.11
RICE,5.1,77,0.457,16.3,622.4,14389.52
PULSES,6.84,43,0.777,30.7,523.0,6913.93
COTTON,7.17,19,0.575,20.2,208.8,8954.34
PULSES,5.71,44,0.61,29.5,700.8,4129.18
PULSES,4.46,90,0.713,21.0,565.6,4360.86
PULSES,4.66,82,0.839,19.2,423.4,4389.15
SUGARCANE,5.26,69,0.633,34.2,733.3,240427.24
